Title,Author,Date,Detail
ጦርነቱ ሊፈንዳ ነው የቀረበው ሪፖርት  …. ;ለመመከት ተዘጋጅተናል (ደብረፅዮን ),Konjit Sitotaw,"February 18, 2026",
የቱርክ መሪ ያሰሙት ግልፅ ተቃውሞ,Konjit Sitotaw,"February 18, 2026",
በአምስት ግንባሮች ግዙፍ ኃይል ተጠጋ! ሪፖርቱ አጋለጠ! …. ወልቃይት! ጠለምት! አበርገሌ! ራያ! አፋር!,Konjit Sitotaw,"February 18, 2026",
ከሱዳን በሁለት አቅጣጫ አዲስ የጦር መሣሪያዎች ገቡ! … ራያዓላማጣ! ዛላንበሳ! ራማ! ሞጣ! ይፋት! … አዳዲስ ዝርዝር አሁናዊ መረጃዎችና ዘገባዎች!,Konjit Sitotaw,"February 18, 2026",
ቴሌቭዥኑ ያጋለጠው ቅሌት ፤ በኤርዶጋን የተከፉት ዐቢይ,Konjit Sitotaw,"February 18, 2026",
ጀግናው ከበባውን ሰብሮ ወጣ …. ቁስለኛ ወታደሮች ወደ ደሴ ከተማ ገቡ …. ላስታ፣ ወረኢሉ፣ሣይንት፣ ሞጣ!,Konjit Sitotaw,"February 18, 2026",
የቪዲዮ ስርጭት ከጦር ግንባር! …. የፋኖ ተወርዋሪ ኮማንዶ ዝግጁ ሆነ! …. በኮማንዶ ብቻ የሚደረገው ውጊያ!,Konjit Sitotaw,"February 18, 2026",
"ከባድ ትንቅንቅ በአይና ቡግና  ,…… በኮማንዶው ስም ከባድ ዘመቻ ተጀመረ ,…. በመቶዎች የሚቆጠሩ የጠላት ወታደሮች ወድቀዋል",Konjit Sitotaw,"February 18, 2026",
ሁለት ሦስተኛው መከላከያ ኃይል በአንድ ግንባር ………. ዋልድባ! ተከዜ! ፍኖተሰላም! ደገም! ጃርሦ!,Konjit Sitotaw,"February 18, 2026",
መከላከያ በትግራይ ገብቶ ካምፖቹን ይቆጣጠራል(ጀኔራል አበባው) … በሱዳን የተከፈተው አዲሱ የኢትዮጵያ ታጣቂዎች ማሰልጠኛ ማዕከል … አሁናዊ መረጃዎችና ዘገባዎች!,Konjit Sitotaw,"February 18, 2026",
ሰራዊቱ ወሳኝ ቀጠናዎቹን ለቆ ወጣ!ደግም የክተት ጥሪ ተላለፈ … በትግራይ አዳዲስ ወታደራዊ ክምችት ቦታዎች ታወቁ …. ደምቢያ ጭልጋ ደብረማርቆስ ወረታ ሻሁራ ደልጊ,Konjit Sitotaw,"February 18, 2026",
በደቂቃወች ዉስጥ የተሰራዉ አስደናቂ ኦፕሬሽን ….. ከበባዉን ሰብሮ የወጣዉ እርበኛ እና የተሰራዉ ጀብዱ,Konjit Sitotaw,"February 18, 2026",
ጦሩ በአማራና በትግራይ ድንበር …. ምሽግ ቁፋሮ ይቀራል /ዐብይ /,Konjit Sitotaw,"February 18, 2026",
ብልጽግናን ያሸበረው  ቀኜ አርበኛ …. የጄኔራል ታደሰ ወረደ መግለጫ,Konjit Sitotaw,"February 18, 2026",
ሌ/ጄ ጻድቃን  : ጦርነቱን አጭር እናደርገዋለን / ከወደ ሰሜን የወጡ መረጃዎች / በትግራይ ካልተደረገ በወልቃይት አይደረግም?,Konjit Sitotaw,"February 18, 2026",
የጎጃሙ ተጋድሎና ከበባውን የሰበረው ፋኖ! ኤርዶዋን በአዲስ አበባ ምን ገጠማቸው? በደቡብ ኢትዮጵያ የተቀሰቀሰው ግጭት!,Konjit Sitotaw,"February 18, 2026",
በጎጃምና ጎንደር የተደመሰሰው ሰራዊት የአርባ ምንጩ አዲስ ግጭት  መከላከያው ለቆ ወጥቷል,Konjit Sitotaw,"February 18, 2026",
የወሎና ጎንደር አስደናቂው ድል …. ሱዳንን የደበደበው የብልፅግና ድሮን,Konjit Sitotaw,"February 18, 2026",
በወግዲ ወረዳ በብልፅግና መከላከያ ሰራዊት አባላት የተፈጸሙ የሰብአዊ መብት ጥሰቶችና ዝርፊያ ተባብሶ ቀጥሏል!,Konjit Sitotaw,"February 18, 2026",በወግዲ ወረዳ በብልፅግና መከላከያ ሰራዊት አባላት የተፈጸሙ የሰብአዊ መብት ጥሰቶችና ዝርፊያ ተባብሶ ቀጥሏል! በደቡብ ወሎ ዞን ወግዲ ወረዳ ውስጥ የሚገኘው የመንግስት መከላከያ ሰራዊት በንጹሃን ዜጎች ላይ እያደረሰ ያለው ግፍና በደል ተጠናክሮ መቀጠሉን የሚጠቁሙ መረጃዎች ወጥተዋል። ሰሞኑን በተለያዩ ቀጠናዎች በተፈጸሙ ጥቃቶች …በወግዲ ወረዳ በብልፅግና መከላከያ ሰራዊት አባላት የተፈጸሙ የሰብአዊ መብት ጥሰቶችና ዝርፊያ ተባብሶ ቀጥሏል!Read more »
የአየር መቃዎሚያ ጭምር ታጥቆ ሲንቀሳቀስ በነበረ የአገዛዙ ኃይል ላይ በተፈፀመ ሽምቅ ጥቃት በርካቶች ሙትና ቁስለኛ ተደረጉ!,Konjit Sitotaw,"February 18, 2026",የአየር መቃዎሚያ ጭምር ታጥቆ ሲንቀሳቀስ በነበረ የአገዛዙ ኃይል ላይ በተፈፀመ ሽምቅ ጥቃት በርካቶች ሙትና ቁስለኛ ተደረጉ! በምዕራብ አማራ ቀጠና ሁለት እጁነሴ ወረዳ ልዩ ስሙ አጋም ውሀ ተብሎ በሚጠራው አከባቢ ዛሬ የካቲት 10/2018 ዓ/ም ማለዳ በተፈፀመ የሽምቅ ጥቃት በርካታ የአገዛዙ ወታደሮች …የአየር መቃዎሚያ ጭምር ታጥቆ ሲንቀሳቀስ በነበረ የአገዛዙ ኃይል ላይ በተፈፀመ ሽምቅ ጥቃት በርካቶች ሙትና ቁስለኛ ተደረጉ!Read more »
የአፋብን ምኒልክ ዕዝ እና አሳምነው ዕዝ አሃዶች በጥምረት ወረኢሉ ከተማና በዙሪያው ድል አስመዘገቡ,Konjit Sitotaw,"February 18, 2026",የአፋብን ምኒልክ ዕዝ እና አሳምነው ዕዝ አሃዶች በጥምረት ወረኢሉ ከተማና በዙሪያው ድል አስመዘገቡ:: አፋብን ምኒልክ ዕዝ እና አፋብን አሳምነው ዕዝ በጋራ በመሆን የአረመኔው አብይ አህመድን ጡት ቁራጭ ኃይል በወረኢሉ እና በሰኞ ገብያ ሁለቱ ዕዞች ከምሽቱ 12:00 ጀምሮ እስከ ሌሊት 7:00 …የአፋብን ምኒልክ ዕዝ እና አሳምነው ዕዝ አሃዶች በጥምረት ወረኢሉ ከተማና በዙሪያው ድል አስመዘገቡRead more »
በአማራ ሳይንት ግንባር ድል ተመዘገበ,Konjit Sitotaw,"February 18, 2026",በአማራ ሳይንት ግንባር ድል ተመዘገበ። የኮሎኔል ደሳለኝ አጃቢም አንድ ጥርጥር ክላሽ እና ማካሮቭ ሽጉጥ ይዞ ወደ ፋኖ ተቀላቅሏል። የአፋብን ምስራቅ አማራ ቀጠና ምኒልክ ዕዝ ንጉሥ ሚካኤል አሊ ኮር አማራ ሳይንት መቅደላ ክፍለ ጦር ታቦር ሻለቃ ፋኖዎች ወደ ጓሜዳ ቀጠና ለመግባት …በአማራ ሳይንት ግንባር ድል ተመዘገበRead more »
ዐብይ አህመድ ዛሬም በንፁኋኖች ላይ የሚፈፅነው የድሮን ጥቃት ተባብሶ ቀጥሏል።,Konjit Sitotaw,"February 18, 2026",ዐብይ አህመድ ዛሬም በንፁኋኖች ላይ የሚፈፅነው የድሮን ጥቃት ተባብሶ ቀጥሏል። የካቲት 10/2018 ዓ/ም በሸዋ የተለያዩ ቦታዎች ላይ የድሮን ቅኝት ሲደረግ ያረፈደ ሲሆን፡ ይፋትና ጥሙጋ አውራጃ በቀወት ወረዳ አያበር ቀበሌ ጤና ጣቢያ ላይ ጥቃት ተፈፅሟል። በጥቃቱ  ሶስት ንፁኃን ሲገደሉ ቀጥራቸው አምስት …ዐብይ አህመድ ዛሬም በንፁኋኖች ላይ የሚፈፅነው የድሮን ጥቃት ተባብሶ ቀጥሏል።Read more »
ተጠባባቂ ኃይል ማስመረቁን በመካነሰላም ግንባር የሚንቀሳቀሰው ኢንጅነር ደሳለኝ አሰፋ ክፍለ ጦር ገለፀ!!,Konjit Sitotaw,"February 18, 2026",ተጠባባቂ ኃይል ማስመረቁን በመካነሰላም ግንባር የሚንቀሳቀሰው ኢንጅነር ደሳለኝ አሰፋ ክፍለ ጦር ገለፀ!! የአፋብን ምስራቅ አማራ ቀጠና ምኒልክ ዕዝ ንጉሥ ሚካኤል አሊ ኮር ኢንጅነር ደሳለኝ አሰፋ ክፍለ ጦር በተለያዩ ቀበሌዎች ውስጥ ከሚኖሩ የግል ታጣቂዎች መካከል ፍቃደኛ የሆኑትን በመመልመል ወታደራዊ እና የፓለቲካ …ተጠባባቂ ኃይል ማስመረቁን በመካነሰላም ግንባር የሚንቀሳቀሰው ኢንጅነር ደሳለኝ አሰፋ ክፍለ ጦር ገለፀ!!Read more »
የአማራ ማህበራት የጋራ ጉባኤ (CAAS)  በወቅታዊ ጉዳዮች ዙሪያ የተሰጠ መግለጫ,Konjit Sitotaw,"February 18, 2026",
” ሰላም ፈላጊ ነን ማለት ግን ራሳችንን የመከላከል ፍላጎት የለንም ማለት አይደለም ”  – የትግራይ ክልል ጊዜያዊ አስተዳደር ፕሬዚዳንት,Konjit Sitotaw,"February 18, 2026",” ሰላም ፈላጊ ነን ማለት ግን ራሳችንን የመከላከል ፍላጎት የለንም ማለት አይደለም ”  – የትግራይ ክልል ጊዜያዊ አስተዳደር ፕሬዚዳንት በምርጫ ቦርድ የተሰረዘው ህወሓት የተመሠረተበትን 51ኛ ዓመት (የካቲት 11) በዓል ምክንያት በማድረግ ዛሬ የካቲት 10 ቀን 2018 ዓ.ም ምሽት በመቐለ ከተማ …” ሰላም ፈላጊ ነን ማለት ግን ራሳችንን የመከላከል ፍላጎት የለንም ማለት አይደለም ”  – የትግራይ ክልል ጊዜያዊ አስተዳደር ፕሬዚዳንትRead more »
ኦነግ፣ ‘በአገሪቱ ከመቼውም ጊዜ በላይ የጦርነት ደመና አንዣቧል’ ሲል ስጋቱን ገለጠ,Konjit Sitotaw,"February 18, 2026",ኦነግ፣ ‘በአገሪቱ ከመቼውም ጊዜ በላይ የጦርነት ደመና አንዣቧል’ ሲል በወቅታዊ አገራዊ ጉዳዮች ዙሪያ ትናንት ባወጣው መግለጫ ስጋቱን ገለጠ። ኦነግ፣ ከፊት ለፊት እየመጣ ነው ላለው “ጥፋት” መንግሥት አጽንዖት ሠጥቶ በመመልከትና ችግሮችን ከኃይል ይልቅ እውነተኛ የሆነ ፖለቲካዊ ውይይት ከባለድርሻ አካላት ጋር በማድረግ …ኦነግ፣ ‘በአገሪቱ ከመቼውም ጊዜ በላይ የጦርነት ደመና አንዣቧል’ ሲል ስጋቱን ገለጠRead more »
ዓለማቀፉ የጋዜጠኞች መብት ተሟጋች (ሲፒጄ)፣ የኢትዮጵያ ባለሥልጣናት ያገዱትን የሮይተርስ ዜና ወኪል ሦስት ጋዜጠኞች የሥራ ፍቃድ እንዲመልሱ ጠየቀ።,Konjit Sitotaw,"February 18, 2026",ዓለማቀፉ የጋዜጠኞች መብት ተሟጋች (ሲፒጄ)፣ የኢትዮጵያ ባለሥልጣናት ያገዱትን የሮይተርስ ዜና ወኪል ሦስት ጋዜጠኞች የሥራ ፍቃድ እንዲመልሱ ጠየቀ። ሲፒጄ፣ መንግሥት ሮይተርስ ላይ የወሠደው ርምጃ፣ በዓለማቀፍ እና ነጻ መገናኛ ብዙኀን ላይ ሲወስድ የቆየው “አፋኝ ርምጃ” ቀጣይ ነው በማለት ተችቷል። የሮይተርስ ጋዜጠኞች ፍቃድ …ዓለማቀፉ የጋዜጠኞች መብት ተሟጋች (ሲፒጄ)፣ የኢትዮጵያ ባለሥልጣናት ያገዱትን የሮይተርስ ዜና ወኪል ሦስት ጋዜጠኞች የሥራ ፍቃድ እንዲመልሱ ጠየቀ።Read more »
የትግራይ ጊዜያዊ አስተዳደር፣ የትግራይ ሕዝብ ከእንግዲህ “ጭቆና” እና “ግፍ” ፈጽሞ እንደማይቀበል ማረጋገጥ እንፈልጋለን አለ።,Konjit Sitotaw,"February 18, 2026",የትግራይ ጊዜያዊ አስተዳደር፣ የትግራይ ሕዝብ ከእንግዲህ “ጭቆና” እና “ግፍ” ፈጽሞ እንደማይቀበል ማረጋገጥ እንፈልጋለን አለ። ጊዜያዊ አስተዳደሩ ይህን ያለው፣ “ብሄራዊ አንድነት የራስን እድል በራስ የመወሠን መብትን ለማረጋገጥ” በሚል መሪ ቃል የሚከበረውን ሕወሃት የትጥቅ ትግል የጀመረበትን 51ኛ ዓመት በዓል አስመልክቶ ዛሬ ባወጣው …የትግራይ ጊዜያዊ አስተዳደር፣ የትግራይ ሕዝብ ከእንግዲህ “ጭቆና” እና “ግፍ” ፈጽሞ እንደማይቀበል ማረጋገጥ እንፈልጋለን አለ።Read more »
ከመገናኛ አንስቶ እስከ ደብረብርሃን ነባር የአማራ ይዞታዎችን የማፍረስና አማራዎች እየተለዩ ልዩ የማቆያ ስፍራ ተወስደው የሚመረመሩበት እቅድ ተነድፎ ወደ ስራ ሊገባ መሆኑ ታወቀ።,Konjit Sitotaw,"February 18, 2026",ከመገናኛ አንስቶ እስከ ደብረብርሃን ነባር የአማራ ይዞታዎችን የማፍረስና አማራዎች እየተለዩ ልዩ የማቆያ ስፍራ ተወስደው የሚመረመሩበት እቅድ ተነድፎ ወደ ስራ ሊገባ መሆኑ ታወቀ። ከመገናኛ አንስቶ፣ ኮተቤ፣ ካራ፣ ለገጣፎ፣ ሰንዳፋ፣ አሌልቱ፣ ሸኖ ፣ ጫጫ አድርጎ ደብረብርሃን ድረስ የሚዘልቀው ይህ አማራውን ነባር ይዞታ …ከመገናኛ አንስቶ እስከ ደብረብርሃን ነባር የአማራ ይዞታዎችን የማፍረስና አማራዎች እየተለዩ ልዩ የማቆያ ስፍራ ተወስደው የሚመረመሩበት እቅድ ተነድፎ ወደ ስራ ሊገባ መሆኑ ታወቀ።Read more »
“ልፋፈ ጽድቅ” በቀሲስ አስተርአየ ጽጌ,Meheret Setegn,"February 16, 2026",“ልፋፈ ጽድቅ” በቀሲስ አስተርአየ ጽጌ ባለፈው ሳምንት “ኢትዮጵያን ትፏት” ላሉት ለአባ ሠረቀ ወ/ሳሙኤል ቀሲስ አስተርአየ ጽጌ የጻፏትን ጦማር አቅርበንላችሁ ነበር፡፡ ቀሲስ አስተርአየ ተዝቆ ከማያልቀው ዕውቀታቸውና ክህሎታቸው ቆንጠር አድርገው  በተለያዩ ርዕሶች ካዘጋጇቸውና ከሰበሰብናቸው ጦማሮች መካከል ለፓትርያርኩ የጻፏትን አገኘን፡፡ በጦማሯ የተላለፈው መልእክት …“ልፋፈ ጽድቅ” በቀሲስ አስተርአየ ጽጌRead more »
ከጦር ግንባር የተቀረፀ! አስፈሪው ኮማንዶ ዝግጅቱን ጨረሰ! …ግስጋሴው ተጀመረ/ፊሽካው ተነፋ!,Konjit Sitotaw,"February 16, 2026",
ሰራዊቱ ወሳኝ ቀጠናዎቹን ለቆ ወጣ!ደግም የክተት ጥሪ ተላለፈ ………. ደምቢያ ጭልጋ ደብረማርቆስ ወረታ ሻሁራ ደልጊ,Konjit Sitotaw,"February 16, 2026",
የጎንደር ባህርዳር መስመሩ ውጊያ …. የደብረማርቆሱ ኦፕሬሽን…. የዝዋይ ሞጆው ጦርነት,Konjit Sitotaw,"February 16, 2026",
ከወረታ ወደ ባህርዳር ተጀመረ! ….  የጥይት ዲፖው ተሰብሯል,Konjit Sitotaw,"February 16, 2026",
አየር ድብደባ በአራት ግንባሮች ተፈጸመ!….. ወረታ! ምንጃር! ጃዊ! ደብረታቦር! ዛለንበሳ!,Konjit Sitotaw,"February 16, 2026",
ጎንደር ባሕርዳር መንገድ ተዘጋ! ከባድ ውጊያ ተቀሰቀሰ …. አዳዲስ አሁናዊ ዝርዝር መረጃዎችና ዘገባዎች!,Konjit Sitotaw,"February 16, 2026",
እኚህ ጳጳስ ከኢትዮጵያ አልፈው አሜሪካ አካውንት ከፍተው ይህንን ያህል ቤተክርስቲያን ሲመዘብሩ ማየት ፣ ዝም ብሎ መመልከት ነውርም ፣ አድር ባይነትም ነው,Konjit Sitotaw,"February 16, 2026",Money Loundery ከጳጳሱ ጀርባ ያሉት በአሜሪካ እነማን ናቸው ? ጳጳሱ በሀገር ቤት ያካበቱት ገንዘብ በአሜሪካ በከፈቱት ባንክ ከፍተኛ ገንዘብ ያስገባሉ? በአዲሱ ትራንፕ በወጣው ሕግ (Green Card Holder) ስለሆኑ በየሦስት ወሩ አልያም በየወሩ አሜሪካ ይመላለሳሉ ፣ ጆቢራዎቻቸው በከፊል ጥቀመኛ ናቸው ፣ …እኚህ ጳጳስ ከኢትዮጵያ አልፈው አሜሪካ አካውንት ከፍተው ይህንን ያህል ቤተክርስቲያን ሲመዘብሩ ማየት ፣ ዝም ብሎ መመልከት ነውርም ፣ አድር ባይነትም ነውRead more »
የኤርትራ ጦር እንቅስቃሴና ጄ/ል ፃድቃን……… የዐቢይ ወደብ “ቦሌና ባሌ“,Konjit Sitotaw,"February 16, 2026",
የተባባሰው ውጊያና የአገዛዙ ጦር,Konjit Sitotaw,"February 16, 2026",
የወረታው ድል ከተማዋን ፋኖ ተቆጣጥሯል … ፋኖ ስለ መቀሌና አስመራ … ብልፅግናን ያጋለጡት ጋዜጠኞች,Konjit Sitotaw,"February 16, 2026",
ተስፋ የቆረጠው አገዛዙ በወረታ ከተማ ተከታታይ የሆነ የሰው አልባ አውሮፕላን ድብደባ እየፈፀመ መሆኑ ተሰምቷል!,Konjit Sitotaw,"February 16, 2026",በእግረኛ ሰራዊቱ ተስፋ የቆረጠው አገዛዙ በአሁን ሰዓት በወረታ ከተማ ተከታታይ የሆነ የሰው አልባ አውሮፕላን ድብደባ እየፈፀመ መሆኑ ተሰምቷል! በከተማዋ ከረፋድ ጀምሮ የድሮን ቅኝት እየተደረገ መሆኑን ጣቢያችን መረብ ሚዲያ ከሰዓታት በፊት ባወጣው ዘገባ መግለፁ አይዘነጋም። አገዛዙ በከተማዋ እየፈፀመ የሚገኘው የድሮን ጥቃት …ተስፋ የቆረጠው አገዛዙ በወረታ ከተማ ተከታታይ የሆነ የሰው አልባ አውሮፕላን ድብደባ እየፈፀመ መሆኑ ተሰምቷል!Read more »
የጎንደሩ ድል የብልፅግናን አቅል አስቶታል: ሙሉ ወታደራዊ ስምሪቱ ተዛብቷል።,Konjit Sitotaw,"February 15, 2026",የጎንደሩ ድል የብልፅግናን አቅል አስቶታል። ሙሉ ወታደራዊ ስምሪቱ ተዛብቷል። በበርካታ ወረዳወች ላይ የሰፈረ የጠላት ሰራዊት ሙሉ በሙሉ ተደምስሷል። ተደምስሷል ማለት ተማርኮ፣ ተመቶ፣ ተበትኖ ከስምሪት ውጭ ሆኗል ማለት ነው። ድምሰሳው ሰራዊቱን ብቻ ሳይሆን ካድሬውንም ይጨምራል። ከተበተነው የጠላት ኃይል መካከል 300 ሚሊሻ፤ …የጎንደሩ ድል የብልፅግናን አቅል አስቶታል: ሙሉ ወታደራዊ ስምሪቱ ተዛብቷል።Read more »
ሶስት የአሜሪካ ህግ አውጪዎች ኤምሬትስ ላይ የጦር መሳርያ ማእቀብ እንዲጣል እንቅስቃሴ ጀመሩ,Konjit Sitotaw,"February 15, 2026",ኤምሬትስ ኢትዮጵያ ውስጥ ወታደራዊ ካምፕ መገንባቷ ይፋ መሆኑን ተከትሎ ሶስት የአሜሪካ ህግ አውጪዎች ኤምሬትስ ላይ የጦር መሳርያ ማእቀብ እንዲጣል እንቅስቃሴ ጀመሩ “RSF ኤል ፋሸር ውስጥ በሶስት ቀን ውስጥ ብቻ ስድስት ሺህ ንፁሀንን ገድሏል። የትራምፕ አስተዳደር ታድያ ምን እየጠበቀ ነው?”- ሴናተር …ሶስት የአሜሪካ ህግ አውጪዎች ኤምሬትስ ላይ የጦር መሳርያ ማእቀብ እንዲጣል እንቅስቃሴ ጀመሩRead more »
ቁስለኛ የሀምዳን ዳጋሎ ወታደሮች በድሬዳዋ ሕክምና እየተደረገላቸው መሆኑ ተሰምቷል,Konjit Sitotaw,"February 15, 2026",ቁስለኛ የሀምዳን ዳጋሎ ወታደሮች በድሬዳዋ ሕክምና እየተደረገላቸው መሆኑ ተሰምቷል! ወታደሮቹ ከሳምንታት በፊት የሱዳን መንግስት በኢትዮጵያ ድንበር አቅራቢያ ላይ የአየር ጥቃት በመፈፀም ጉዳት ያደረሰባቸው መሆናቸውን ወታደራዊ ምንጮች ገልፀዋል። https://miniliksalsawi.substack.com/p/wounded-sudan-rsf-hamdan-dagalo-soldiers
ከአፋብን ምኒልክ ዕዝ የጤና መምሪያ የተሰጠ ወቅታዊ መግለጫ,Konjit Sitotaw,"February 15, 2026",ከአፋብን ምኒልክ ዕዝ የጤና መምሪያ የተሰጠ ወቅታዊ መግለጫ ፍፁም ሰብአዊ በሆነው የጤና ሙያ ውስጥ የምትገኙ ወንድሞቻችን/እህቶቻችን ኑ ተጋግዘን ኢ-ሰብአዊ የሆነውን ሥርአት እንቀይር! አማራ ተኮር የሆነው የዘር ማጥፋት ጦርነት በተለየ መልኩ በይፋ ከታወጀበት ጊዜ ጀምሮ የጤና ተቋማት፣ የጤና ሙያተኞች እና የጤና …ከአፋብን ምኒልክ ዕዝ የጤና መምሪያ የተሰጠ ወቅታዊ መግለጫRead more »
መልእክተ ቅዱስ ፓትርያርክ … ወልበሱ ወልታ እግዚአብሔር በዘትክሉ ተቃውሞቶ ለመናግንተ ሰይጣን,Konjit Sitotaw,"February 15, 2026",“መልእክተ ቅዱስ ፓትርያርክ” =================== በስመ አብ ወወልድ ወመንፈስ ቅዱስ አሐዱ አምላክ አሜን!! በሀገር ውስጥና በልዩ ልዩ ክፍለ ዓለማት የምትገኙ ሕዝበ ክርስቲያን በሙሉ፡- በመዋዕለ ጾሙ ሰይጣንንና መስሓቲ ተግባሩን ድል በማድረግ ድል እንድንነሣ ያደረገን ጌታችን ኣምላካችንና መድኃኒታችን ኢየሱስ ክርስቶስ እንኳን ለሁለት ሺሕ …መልእክተ ቅዱስ ፓትርያርክ … ወልበሱ ወልታ እግዚአብሔር በዘትክሉ ተቃውሞቶ ለመናግንተ ሰይጣንRead more »
ከክልሉ እንዳይወጡ እገዳ ተጣለ! ኬላዎች ተዘጉ! …. ዳንግላ! ደምበጫ! ቦረና-ሳይንት!ራያ-ዓለማጣ!,Konjit Sitotaw,"February 15, 2026",
የትግራይ መሬት ተሽጧል (ጀኔራል አበባው ታደሰ)… ለሽመልስ አብዲሳ ቀጭን ትዕዛዝ ተላለፈ! … ቆላ ተንቤን! ቋሪት! ግራካሶ.! አርማጭሆ! ሻሁ,Konjit Sitotaw,"February 15, 2026",
በህወሓት እጅ የገቡ ፀረ ድሮን መሣሪያዎች ! የክተት ጥሪ ተላለፈ! የአንድ ሚሊየን ሚሊሺያ ዕቅድ! ደብረ ታቦር ቀጠና የመልሶ ማጥቃት ዘመቻ ስምሪት!,Konjit Sitotaw,"February 15, 2026",
ጦሩ ወደ ሰሜን በሶስት አቅጣጫ  ….  ፋኖ መክተን እያጠቃን ነው  ….. የትግራይ እና የኤርትራ ጦር ዝግጅት,Konjit Sitotaw,"February 15, 2026",
ፋኖ በደሴ ዙሪያና በሸዋ ከተሞች  …….  በአማራ የሀኪሞች ግድያ,Konjit Sitotaw,"February 15, 2026",
ፋኖ ከትግራይ ጭኖ መጣብን (ብልፅግና)  ……  የዐብይ ውሳኔ በተጋለጠው ምስጢር,Konjit Sitotaw,"February 15, 2026",
አርበኛ ዘመነ ስለጎንደሩ ድል  …….  የብልጽግና ወታደሮች ተማርከዋል,Konjit Sitotaw,"February 15, 2026",
የጎንደርና ጎጃም ተጋድሎ ….  የአገዛዙ ጦር ተከቧል,Konjit Sitotaw,"February 15, 2026",
የደሴ ዙሪያው ውጊያ! ኮማንዶው ተደመሰሰ!  ከተሞቹ ተያዙ!,Konjit Sitotaw,"February 15, 2026",
ከአመት በፊት ከአዲስ አበባ ከተማ ውስጥ ታስረው የተወሰዱ 13 ወጣቶች እስካሁን ደብዛቸው ጠፍቶ እንደሚገኝ ታወቀ,Konjit Sitotaw,"February 15, 2026",ከአመት በፊት ከአዲስ አበባ ከተማ ውስጥ ታስረው የተወሰዱ 13 ወጣቶች እስካሁን ደብዛቸው ጠፍቶ እንደሚገኝ ታወቀ   “ገድለዋቸውም ከሆነም ከዘመድ ጋር አልቅሰን ቁርጡን አውቀን ቤታችን አርፈን እንቀመጥ። እንዴት ልጅን ያህል ነገር ጠፍቶ ቤት ተኝተን እናድራለን?”- ቤተሰብ  ተጨማሪ ያንብቡ: https://meseretmedia.org/p/13-f63
23 ስናይፐር የተማረከበት ተጋድሎ! 2540 ወታደር እጅ ከፈንጅ ተይዟል! ፋኖ ተሽከርካሪ ሙሉ ተተኳሽ ወሰደ!,Konjit Sitotaw,"February 15, 2026",
ከድሮን የተረፈው ሚኒሻ አለቀ!  ጎጃም የቆሰሉ ወታደሮችና የሱዳን ኃይሎች! የቦረና ገነቴው ተጋድሎ!,Konjit Sitotaw,"February 15, 2026",
ምሽጉን ሰንጥቆ የገባው የፋኖ ኮማንዶ! … ቀጥታ ከኮማንዶ አዛዦች ጋር!,Konjit Sitotaw,"February 15, 2026",
አጥፊዎች ባልተጠየቁበት፣ የፖለቲካ እና የምርጫ ምህዳሩ ባልተከፈተበት ገለልተኛ፣ ፍትሃዊ፣ ነፃ፣ ዴሞክራሲያዊና በህዝቡ ዘንድ ተዓማኒ የሆነ ምርጫ እንዴት ማካሄድ ይቻላል ?,Konjit Sitotaw,"February 15, 2026",” አጥፊዎች ባልተጠየቁበት፣ የፖለቲካ እና የምርጫ ምህዳሩ ባልተከፈተበት ገለልተኛ፣ ፍትሃዊ፣ ነፃ፣ ዴሞክራሲያዊና በህዝቡ ዘንድ ተዓማኒ የሆነ ምርጫ እንዴት ማካሄድ ይቻላል ? ” – ፓርቲው ➡️ ” ቁጫ ምርጫ ክልል ላይ ምርጫ አስፈጻሚዎች፤ የምርጫ ክልል ጽ/ቤት ተደራጅተዋል። እንደማንኛውም ምርጫ ክልል ሥራችንን …አጥፊዎች ባልተጠየቁበት፣ የፖለቲካ እና የምርጫ ምህዳሩ ባልተከፈተበት ገለልተኛ፣ ፍትሃዊ፣ ነፃ፣ ዴሞክራሲያዊና በህዝቡ ዘንድ ተዓማኒ የሆነ ምርጫ እንዴት ማካሄድ ይቻላል ?Read more »
የፌደራል መንግስት 27 የትግራይ አመራሮች እና ወታደራዊ ሀላፊዎች እንዲሁም ዘመዶቻቸው የባንክ አካውንት እንዲታገድ አደረገ,Konjit Sitotaw,"February 15, 2026",የፌደራል መንግስት 27 የትግራይ አመራሮች እና ወታደራዊ ሀላፊዎች እንዲሁም ዘመዶቻቸው የባንክ አካውንት እንዲታገድ አደረገ የአቃቤ ህግ ምንጮች ለሚድያችን ያደረሱትን የዚህ የእገዳ የስም ዝርዝር እና ተያያዥ መረጃዎችን ይዘናል። ተጨማሪ ያንብቡ: https://www.meseretmedia.org/p/27
መተዛዘቢያ ስለ አባ ሠረቀብርሃን ወልደ ሣሙኤል,Meheret Setegn,"February 14, 2026",መተዛዘቢያ ስለ አባ ሠረቀብርሃን ወልደ ሣሙኤል በቀሲስ አስተርአየ ጽጌ ቀሲስ አስተርአየ የነነዌ ጾም ከኢትዮጵያውያ ጋራ ያላትን ንክኪ ገልጸው በማቅረባቸው ብዙውን ሰው አነጋግሮታል፡፡ ምእመኑ የተነጋገረበትን ያህል ጳጳሳቱ ቀሳውስቱና ዩቱብ ከፍተው ስለ ቤተ ክርስቲያን አንዳንድ ነገር ብቅ እያደረጉ የሚናገሩት ዩቱበሮች የተነጋገሩበት አይመስልም፡፡ …መተዛዘቢያ ስለ አባ ሠረቀብርሃን ወልደ ሣሙኤልRead more »
የመካከለኛው ምሥራቅ ባለሥልጣናት በኢትዮጵያ እና በቀጣናው እያካሄዱ ያሉት ሰሞነኛ ጉብኝት,Konjit Sitotaw,"February 13, 2026",የኢትዮጵያ እና ኤርትራ ውጥረት ከመቼውም በላይ በተካረረበት እንዲሁም በሱዳን የእርስ በርስ ጦርነት የውጭ አገራት ጣልቃ ገብነት ዋነኛ መነጋገሪያ በሆነበት ወቅት የአፍሪካ ቀንድ እና የአረብ አገራት ከፍተኛ ባለሥልጣናት ይፋዊ የሥራ ጉብኝቶች ተበራክተዋል። ግብፅ እና ኢትዮጵያ በታላቁ ሕዳሴ ግድብ ዙሪያ የተፋጠጡበት እንዲሁም …የመካከለኛው ምሥራቅ ባለሥልጣናት በኢትዮጵያ እና በቀጣናው እያካሄዱ ያሉት ሰሞነኛ ጉብኝትRead more »
ኢትዮጵያ ውስጥ ሆኖ በውጭ ምንዛሬ ክፍያ ለመፈጸም የሚያስችል ዓለም አቀፍ የክፍያ ካርድ ማግኘት ተፈቀደ,BBC Amhric,"February 13, 2026",የኢትዮጵያ ብሔራዊ ባንክ፤ የውጭ ምንዛሬ ሒሳብ (አካውንት) ያላቸው ደንበኞች የቪዛ እና የበረራ ትኬት ማቅረብ ሳይጠበቅባቸው ለዓለም አቀፍ የበይነ መረብ (ኦንላይን) ግብይቶች የሚውል የውጭ ምንዛሬ ክፍያ ካርድ እንዲያገኙ ፈቀደ። የውጭ ምንዛሬ ሒሳብ ለመክፈት ተቀምጦ የነበረው የ100 ዶላር የግዴታ ተቀማጭ ገንዘብም እንዲቀር …ኢትዮጵያ ውስጥ ሆኖ በውጭ ምንዛሬ ክፍያ ለመፈጸም የሚያስችል ዓለም አቀፍ የክፍያ ካርድ ማግኘት ተፈቀደRead more »
“ተወዳጇ እና ደስተኛዋ ልጄ እንዴት በራሷ ላይ ወሰነች?” – በቲክ ቶክ እና በእኩዮቿ ጫና ራሷን ያጠፋቸው ኢትዮጵያዊት ታዳጊ,Konjit Sitotaw,"February 13, 2026",*ማስጠንቀቂያ፡ ይህ ታሪክ ራስን ማጥፋትን ጨምሮ አንዳንዶችን ሊረብሹ የሚችሉ ዝርዝር ጉዳዮችን ይዟል። ፊዮሬላ ነብዩ የ13 ዓመት ታዳጊ ነበረች። ጥር 4 ለምታከብረው ልደቷ ዝግጅቱ ተጠናቋል። አሜሪካ እንዲከበር ነበር የታቀደው። ልደቷን ከወንድሟ እና ከእህቶቿ ጋር ለማክበር ወደ ዩናይትድ ስቴትስ ለመጓዝ በዝግጅት ላይ …“ተወዳጇ እና ደስተኛዋ ልጄ እንዴት በራሷ ላይ ወሰነች?” – በቲክ ቶክ እና በእኩዮቿ ጫና ራሷን ያጠፋቸው ኢትዮጵያዊት ታዳጊRead more »
ሰበር ቪዲዮ ከጦር ግንባር! ምሽጉን ሰንጥቆ የገባው የፋኖ ኮማንዶ! ቀጥታ ከኮማንዶ አዛዦች ጋር!,Konjit Sitotaw,"February 13, 2026",
ከፋኖ ጋር እንደራደራለን ; የብልጽግና ባለስልጣናት ……… መቀሌ! ደብረታቦር! ባሕርዳር! ደራ! ሓምዳይት!,Konjit Sitotaw,"February 13, 2026",
የአማራ ፋኖ በአራቱ አቅጣጫ,Konjit Sitotaw,"February 13, 2026",
የወሎና የጎጃም የፋኖ ግዙፉ ጦር  …..  መሰቀል አደባባይ የተፈጠረው,Konjit Sitotaw,"February 13, 2026",
ኢትዮጵያ የሮይተርስ የዜና ወኪል ጋዜጠኞችን በሀገሪቱ የመሥራት መብት እንደነጠቀች የፈረንሳይ ዜና አገልግሎት ዘገበ።,Konjit Sitotaw,"February 13, 2026",ኢትዮጵያ የሮይተርስ የዜና ወኪል ጋዜጠኞችን በሀገሪቱ የመሥራት መብት እንደነጠቀች የፈረንሳይ ዜና አገልግሎት ዘገበ። በመጪው ቅዳሜ እና እሁድ በአዲስ አበባ የሚካሔደውን 39ኛው የአፍሪካ ኅብረት የመሪዎች ጉባኤ ላይ ለመሳተፍ ለሬውተርስ የተሰጠው ፈቃድ እንደተሰረዘ የዜና ወኪሉ ቃል አቀባይ በኢሜይል እንደገለጹ ዘገባው ይጠቁማል። ከዚህ …ኢትዮጵያ የሮይተርስ የዜና ወኪል ጋዜጠኞችን በሀገሪቱ የመሥራት መብት እንደነጠቀች የፈረንሳይ ዜና አገልግሎት ዘገበ።Read more »
ባሕርዳር ዙሪያ እስር ቤቱ ተሰበረ! …. ኮማንዶ ያለቀበት የሸዋው ውጊያ! …. የፋኖ ግስጋሴና የካድሬው ሽሽት,Konjit Sitotaw,"February 13, 2026",
ስትራቴጅካዊ ወሳኝ ከተማዋን ለቆ ወጣ! …..  ደብረታቦር! ደደቢት! አፋር-ቡሬ! ሸዋሮቢት! ጉና!,Konjit Sitotaw,"February 13, 2026",
የእስራኤል የመብት ተሟጋች ድርጅቶች፣ የአገሪቱ መንግሥት ኢትዮጵያዊያን ስደተኞችንና ጥገኝነት ጠያቂዎችን ወደ አገራቸው እንዳይመልስ ጠየቁ።,Konjit Sitotaw,"February 13, 2026",የእስራኤል የመብት ተሟጋች ድርጅቶች፣ የአገሪቱ መንግሥት ኢትዮጵያዊያን ስደተኞችንና ጥገኝነት ጠያቂዎችን ወደ አገራቸው እንዳይመልስ ጠየቁ። የመብት ተሟጋች ድርጅቶቹ፣ በኢትዮጵያ ያለው የጸጥታ ሁኔታ ስደተኞች እና ጥገኝነት ጠያቂዎች እንዲመለሱ የሚያስችል አይደለም ማለታቸውን የእስራኤል ጋዜጦች ዘግበዋል። የአገሪቱ መንግሥት በሰሜን ኢትዮጵያው ጦርነት ወቅት ለጥገኝነት ጠያቂዎች …የእስራኤል የመብት ተሟጋች ድርጅቶች፣ የአገሪቱ መንግሥት ኢትዮጵያዊያን ስደተኞችንና ጥገኝነት ጠያቂዎችን ወደ አገራቸው እንዳይመልስ ጠየቁ።Read more »
አዲስ አበባ የሚገቡ የውጭ ጋዜጠኞች በአማራ፣ ኦሮሚያ እና ትግራይ ሲካሄዱ ለቆዩና አሁንም በመካሄድ ላይ ለሚገኙ ግጭቶችና የድሮን ጥቃቶች ሽፋን እንዲሠጡ ጠየቀ።,Konjit Sitotaw,"February 13, 2026",ኢሕአፓ፣ የአፍሪካ ኅብረት የመሪዎች ጉባኤን ለመዘገብ አዲስ አበባ የሚገቡ የውጭ ጋዜጠኞች በአማራ፣ ኦሮሚያ እና ትግራይ ሲካሄዱ ለቆዩና አሁንም በመካሄድ ላይ ለሚገኙ ግጭቶችና የድሮን ጥቃቶች ሽፋን እንዲሠጡ ጠየቀ። የውጭ ጋዜጠኞች ከአዲስ አበባ ውጭ በሚካሄዱ ግጭቶች ዙሪያ የተጣራ መረጃ እንዲሰበስቡ፣ በግጭቶች ጉዳት …አዲስ አበባ የሚገቡ የውጭ ጋዜጠኞች በአማራ፣ ኦሮሚያ እና ትግራይ ሲካሄዱ ለቆዩና አሁንም በመካሄድ ላይ ለሚገኙ ግጭቶችና የድሮን ጥቃቶች ሽፋን እንዲሠጡ ጠየቀ።Read more »
ደብረጺዮን ገብረሚካኤል የአፍሪካ መሪዎች የፕሪቶሪያው የግጭት ማቆም ስምምነት መተግበር እንዳለበት በይፋ እንዲያረጋግጡ ጠየቁ,Konjit Sitotaw,"February 13, 2026",የሕወሃት ሊቀመንበር ደብረጺዮን ገብረሚካኤል፣ ሰሞኑን በአፍሪካ ኅብረት ጽሕፈት ቤት ጉባኤ የሚያካሂዱ የአባል አገራት መሪዎች የፕሪቶሪያው የግጭት ማቆም ስምምነት “ሙሉ በሙሉ”፣ “በአፋጣኝ” እና “በቅን መንፈስ” መተግበር እንዳለበት በይፋ እንዲያረጋግጡ ጠየቁ። ደብረጺዮን፣ መሪዎቹ በግጭት ማቆም ስምምነቱ ፈራሚ ወገኖች መካከል “ቅርጽ ያለው ፖለቲካዊ …ደብረጺዮን ገብረሚካኤል የአፍሪካ መሪዎች የፕሪቶሪያው የግጭት ማቆም ስምምነት መተግበር እንዳለበት በይፋ እንዲያረጋግጡ ጠየቁRead more »
የአማራ ማህበር በአሜሪካ የመንግስት ሀይሎች ከትናንት ጀምሮ በተኮሷቸው ከባድ መሳርያዎች እና በአየር ድብደባ በንፁሀን ላይ ከፍተኛ ጉዳት ማስከተላቸውን አስታወቀ,Konjit Sitotaw,"February 13, 2026",የአማራ ማህበር በአሜሪካ የመንግስት ሀይሎች ከትናንት ጀምሮ በተኮሷቸው ከባድ መሳርያዎች እና በአየር ድብደባ በንፁሀን ላይ ከፍተኛ ጉዳት ማስከተላቸውን አስታወቀ “በመኖሪያ ቤቶች እና በሕዝብ ትምህርት ቤቶች ላይ ከፍተኛ ውድመት አስከትሏል። በቀጠለው የበየነ መረብ መገናኛ መስተጓጎል ምክንያት የደረሰው ሞትና የንብረት ኪሳራ ትክክለኛ …የአማራ ማህበር በአሜሪካ የመንግስት ሀይሎች ከትናንት ጀምሮ በተኮሷቸው ከባድ መሳርያዎች እና በአየር ድብደባ በንፁሀን ላይ ከፍተኛ ጉዳት ማስከተላቸውን አስታወቀRead more »
ምኒልክ ዕዝ ተወርዋሪ በላጎ ሻለቃ ለወራቶች የሰለጠኑ ኮማንዶ ፋኖዎችን አስመረቁ::,Konjit Sitotaw,"February 13, 2026",ምኒልክ ዕዝ ተወርዋሪ በላጎ ሻለቃ ለወራቶች ያሰለጠኗቸውን በርካታ ምልምል ኮማንዶ ፋኖዎች ዛሬ የካቲት 5/2018 ዓ.ም በሃይማኖት አባቶችና በሃገር ሽማግሌዎች ምርቃን ታጅበው በደማቅ ሁኔታ አስመርቀዋል:: ደሴ ከተማ ዙሪያ ወረዳ እና በተለያዩ የቤተ-አማራ አካባቢዎች በርካታ ተጋድሎዎችን እያደረጉ አመርቂ ድሎችን እያስመዘገቡ ያሉት የምኒልክ …ምኒልክ ዕዝ ተወርዋሪ በላጎ ሻለቃ ለወራቶች የሰለጠኑ ኮማንዶ ፋኖዎችን አስመረቁ::Read more »
ሙሉ ጎንደርን ተቆጣጠሩብን ( ብልጽግና ) ……  የባህርዳሩ ተጋድሎና አረጋ የተገኙበት ቦታ,Konjit Sitotaw,"February 13, 2026",
የፋኖ ኃይሎች  በባሕር ዳር ዙሪያ,Konjit Sitotaw,"February 13, 2026",
በመቐለ ከተማ የፈንጂ ፍንዳታ ተከስቶ ነበር,Konjit Sitotaw,"February 12, 2026",የመቐለ ነዋሪ ተረጋግቶ አካባቢውን እንዲጠብቅ ጥሪ ተላለፈ። በመቐለ ከተማ ዛሬ የካቲት 5/2018 ዓ.ም ከምሽቱ 3:30 ሰዓት አከባቢ የፈንጂ ፍንዳታ ተከስቶ ነበር። በሰው እና በንብረት ላይ ያደረሰው ጉዳት የለም ተብሏል። ቲክቫህ ኢትዮጵያ መቐለ የተመለከተውና የከተማው ሰላምና ፀጥታ ፅ/ቤት ለመቐለ ኤፍ ኤም …በመቐለ ከተማ የፈንጂ ፍንዳታ ተከስቶ ነበርRead more »
ያዲሳባ ውሾችና ቡችሎች እጣ ፈንታ🤔🙄😉| EthioNimation,Meheret Setegn,"February 12, 2026",“ያዲሳባ ውሾችና ቡችሎች እጣ ፈንታ” ከ EthioNimation የተወሰደ። ውሾቹ እንማን እንደሆኑ ሲያውቁ በሳቅ ይነፍራሉ። አይ አብይ አህመድ ሲያልቅ አያምር….. ዳንኤል ክብረት ዘንዘሪጡ ለሆዱ ብሎ እራሱን የሸጠ አሁን የቀውጢው ጊዜ እየተቃረበ ነውና የት ትገባ ይሆን…. ምን ይውጠው ይሆን?
ከባድ ትንቅንቅ በባሕርዳር ዙሪያ …. የደብረታቦር የዛሬ ውሎና የፋኖ ድል …,Konjit Sitotaw,"February 12, 2026",
ስትራቴጅካዊ ወሳኝ ከተማዋን ለቆ ወጣ! … ደብረታቦር! ደደቢት! አፋር-ቡሬ! ሸዋሮቢት! ጉና!,Konjit Sitotaw,"February 12, 2026",
በርካታ መሣሪያዎች በፋኖ እጅ ገቡ! ……. በሰሜን ኢትዮጵያ አዳዲስ የድሮን መቆጣጠሪያዎች ተከፈቱ,Konjit Sitotaw,"February 12, 2026",
የፋኖ ድል እና ከባዱ ውጊያ  …. በደብረ ታቦር የተፈጠረው,Konjit Sitotaw,"February 12, 2026",
ግልገል ፋኖዎች በጎንደር….. ካቢኔውን ያገቱት ጀኔራል,Konjit Sitotaw,"February 12, 2026",
ፋኖ “ባህርዳርን ከበናል፣የዙሪያዋን ከተሞች ይዘናል” | ከደብረታቦር ዝርዝር መረጃ!  | የአፋብን መግለጫ!,Konjit Sitotaw,"February 12, 2026",
አቶ የሺዋስ አሰፋ ከአንድ ቀን እስር በኋላ ተፈቱ,Konjit Sitotaw,"February 12, 2026",የኢትዮጵያ ሕዝባዊ አብዮታዊ ፓርቲ (ኢሕአፓ) ለቀጣዩ ምርጫ በዕጩነት ካዘጋጃቸው ተወዳዳሪዎች መካከል አንዱ የሆኑት አቶ የሺዋስ አሰፋ ከአንድ ቀን እስር በኋላ ተፈቱ። አቶ የሺዋስ ዛሬ ረቡዕ የካቲት 4፤ 2018 ከቀኑ 10 ሰዓት ገደማ ተፈትተው በስልክ እንዳነጋገሯቸው የኢሕአፓ ፕሬዝዳንት አቶ አብርሃም ሃይማኖት …አቶ የሺዋስ አሰፋ ከአንድ ቀን እስር በኋላ ተፈቱRead more »
ደብረታቦር ዙሪያ ከድሮን ጋር ግብግብ! … ወታደሩ እርስ በእሩ ተጫረሰ! … አዛዡ ተገደለ/ ዙ23 ወደመ! ….,Konjit Sitotaw,"February 12, 2026",
ፋኖ በርዕሰ መዲናዋ ባሕርዳር! … ወታደሮቹ ደብረታቦር ላይ አለቁ,Konjit Sitotaw,"February 12, 2026",
አስረኞች አመለጡ! ተከታታይ አየር ድብደባ ተፈጸመ!  …. ሜካናይዝድ ተመልሶ ገባ!,Konjit Sitotaw,"February 12, 2026",
ብልፅግና ሮይተርስ ላይ ዕርምጃ,Konjit Sitotaw,"February 12, 2026",
ጦርነት፤ ባህርዳርና ደብረታቦር፣ የዐቢይ እንግዳና ማስጠንቀቂያው፣ “እየለቃቀምን ነው“ መከላከያ፣ የድሮን ድብደባው,Konjit Sitotaw,"February 12, 2026",
የሳተላይት ማስረጃው ያጋለጠው የጀኔራሉ ካምፕ,Konjit Sitotaw,"February 12, 2026",
የአዲስ አበባው የእስር ዘመቻ,Konjit Sitotaw,"February 12, 2026",
ፋኖ ባሕር ዳር ዙርያን ተቆጣጠረ  …. በደብረ ታቦር ውጊያ 11 ጊዜ የድሮን ድብደባ,Konjit Sitotaw,"February 12, 2026",
ፋኖ በደብረታቦር ታሪክ ሰራ …. የባህርዳሩ ውጊያ,Konjit Sitotaw,"February 12, 2026",
ኑ ጠላትን በጋራ ታግለን የአማራን ህዝብ ሕልውና እናረጋግጥ …. ከአማራ ፋኖ ብሔራዊ ንቅናቄ የተላለፈ የምህረት አዋጅ,Konjit Sitotaw,"February 12, 2026",ኑ ጠላትን በጋራ ታግለን የአማራን ህዝብ ሕልውና እናረጋግጥ! የካቲት 05 ቀን 2018 ዓ.ም ከአማራ ፋኖ ብሔራዊ ንቅናቄ የተላለፈ የምህረት አዋጅ ሀ) መግቢያ: አረመኔው የብልፅግና አገዛዝ የአማራን ህዝብ ህልውና አደጋ ላይ ለመጣል የጀመረውን ጦርነት ለማሳካት ይችል ዘንድ በርካታ አረመኔያዊ ተግባራትን ሲፈፅም …ኑ ጠላትን በጋራ ታግለን የአማራን ህዝብ ሕልውና እናረጋግጥ …. ከአማራ ፋኖ ብሔራዊ ንቅናቄ የተላለፈ የምህረት አዋጅRead more »
የአገዛዙ ወታደራዊ ኃይል ዋና ማዘዣ ጣቢያ በሆነው መኮድ ካምፕ ውስጥ በተቀሰቀሰ ግጭት በርካታ ወታደሮች ሙትና ቁስለኛ ተደረጉ!,Konjit Sitotaw,"February 11, 2026",ባሕርዳር መኮድ ካምፕ! የሰሜን ምዕራብ ዕዝን ጨምሮ የአገዛዙ ወታደራዊ ኃይል ዋና ማዘዣ ጣቢያ በሆነው መኮድ ካምፕ ውስጥ በተቀሰቀሰ ግጭት በርካታ ወታደሮች ሙትና ቁስለኛ ተደረጉ! የግጭቱ መነሻ ዛሬ የካቲት 04/2018 ዓ/ም ማርፈጃውን በተካሄደ ወታደራዊ የግምገማ መድረክ “በፋኖ ቁጥጥር ስር እየገቡ በሚገኙ …የአገዛዙ ወታደራዊ ኃይል ዋና ማዘዣ ጣቢያ በሆነው መኮድ ካምፕ ውስጥ በተቀሰቀሰ ግጭት በርካታ ወታደሮች ሙትና ቁስለኛ ተደረጉ!Read more »
የኢቤኤስ ቴሌቪዥን ዋና ስራ አስፈጻሚና መስራች የነበሩት አቶ አማን ፍስሃጽዮን ባደረባቸው ህመም በህክምና ሲረዱ ቆይተው ዛሬ ከዚህ ዓለም በሞት ተለይተዋል,Konjit Sitotaw,"February 11, 2026",
የፋኖ ኃይሎች በደብረ ታቦርና ባህር ዳር,Konjit Sitotaw,"February 11, 2026",
የአሁን መረጃ ….  ደብረታቦር ፋኖ ዘልቆ ገብቷል!  ….  አፍላ ውጊያ ተጀምሯል!,Konjit Sitotaw,"February 11, 2026",
ወሳኟ ከተማ በፋኖ እጅ! ደብረታቦር ፣ ባህርዳር!  …….   አብንና የከዱት የብልጽግና አመራሮች,Konjit Sitotaw,"February 11, 2026",
ፋኖ በርዕሰ መዲናዋ ባሕርዳር ….. ወታደሮቹ ደብረታቦር ላይ አለቁ …. 13 ዲሽቃ 22 ስናይፐር ተማርኳል!,Konjit Sitotaw,"February 11, 2026",
በባህርዳር ዙሪያ ከባድ ውጊያ! …. ድሽቃና መኪና ሙሉ መሣሪያ በፋኖ ተያዘ! …. እብናት፣ ደብረታቦር፣ጨጨሆ!,Konjit Sitotaw,"February 11, 2026",
ደብረታቦር ከባድ ውጊያ! ……. ደብረታቦር፣ እብናት፣ ወረታ ዙሪያ!,Konjit Sitotaw,"February 11, 2026",
ሸዋ፣ ጋይንት፣ እስቴ፣ ጃዊ፣ላስታ!……  ከባድ ትንቅንቅ,Konjit Sitotaw,"February 11, 2026",
“እናቶቻችንን መግደል ሰለቸን …. ”  እጁን የሰጠው ወታደር,Konjit Sitotaw,"February 11, 2026",
ልዩ ቃለ ምልልስ  … ስለ ጎንደሩ ድል … ቀጥታ ከስፍራው,Konjit Sitotaw,"February 11, 2026",
ፋኖ 15 ከተሞችንና ወረዳዎችን ተቆጣጠረ,Konjit Sitotaw,"February 11, 2026",
ሁለት የኢትዮጵያ የስለላ ባለስልጣናት እና የሳተላይት ምስሎቹ በደህንነት ማስታወሻ እና ኬብል ውስጥ የተካተቱትን ዝርዝሮች የሚያረጋግጡ መረጃዎችን አቅርበዋል,Konjit Sitotaw,"February 11, 2026",ኢትዮጵያ በጎረቤት ሱዳን ውስጥ ለሚገኘው የፈጣን ድጋፍ ኃይሎች የፓራሚሊቲ ቡድን በሺዎች የሚቆጠሩ ተዋጊዎችን ለማሰልጠን ሚስጥራዊ ካምፕ እያዘጋጀች ነው ሲል ሮይተርስ ዘግቧል።  …. ሁለት የኢትዮጵያ የስለላ ባለስልጣናት እና የሳተላይት ምስሎቹ በደህንነት ማስታወሻ እና ኬብል ውስጥ የተካተቱትን ዝርዝሮች የሚያረጋግጡ መረጃዎችን አቅርበዋል።…. ከ2025 …ሁለት የኢትዮጵያ የስለላ ባለስልጣናት እና የሳተላይት ምስሎቹ በደህንነት ማስታወሻ እና ኬብል ውስጥ የተካተቱትን ዝርዝሮች የሚያረጋግጡ መረጃዎችን አቅርበዋልRead more »
ከተማው አራቱም መውጫ በሮች ተያዙ! ደብረታቦር! አርማጭሆ! ቋራ! ጨጨሆ! ሻሁራ! አሁናዊ ዝርዝር መረጃዎችና ዘገባዎች!,Konjit Sitotaw,"February 11, 2026",
በመቶዎች የሚቆጠር መሣሪያዎች  በፋኖ እጅ ገቡ,Konjit Sitotaw,"February 11, 2026",
የተጋለጠው ድቡቁ የጦር ማሰልጠኛ ….. በጎንደር የጄኔራሎቹና የካድሪዎቹ ግጭት,Konjit Sitotaw,"February 11, 2026",
በአማራ ሲቪሎች ላይ እየተባባሰ የመጣ ጥቃትን በተመለከተ አስደንጋጭ ዘገባዎች መውጣታቸውን ቀጥለዋል,Konjit Sitotaw,"February 11, 2026",
የፋኖ ተጋድሎና ደብረታቦር! …  አፋብን ታሪክ ሰራ! …… የብልጽግና ጦር በቤንሻንጉል!”ሚስጥሩ ወጣ”,Konjit Sitotaw,"February 11, 2026",
ልዩ መረጃ | 3 ኬሻ ሙሉ ብር ተይዟል | 11 ወረዳዎች ተቆጣጥረናል,Konjit Sitotaw,"February 11, 2026",
ከአፋብን ሰሜን አማራ ቀጠና በላይ ዕዝ የተሰጠ መግለጫ,Konjit Sitotaw,"February 11, 2026",
የአብን የፓርላማ አባሉ ዶ/ር አበባው ደሳለው በመጪው ምርጫ ኢሕአፓን ወክለው ሊወዳደሩ ነው,Konjit Sitotaw,"February 11, 2026",የአብን የፓርላማ አባሉ ዶ/ር አበባው ደሳለው በመጪው ምርጫ ኢሕአፓን ወክለው ሊወዳደሩ ነው በሰኔ 2013 ዓ.ም በተካሄደው ሀገር አቀፍ ምርጫ የአማራ ብሔራዊ ንቅናቄን ወክለው የፓርላማ አባል የሆኑት ዶ/ር አበባው ደሳለው፤ በመጪው ምርጫ ኢሕአፓን ወክለው ሊወዳደሩ ነው። የአብን የአዲስ አበባ ጽሕፈት ቤት …የአብን የፓርላማ አባሉ ዶ/ር አበባው ደሳለው በመጪው ምርጫ ኢሕአፓን ወክለው ሊወዳደሩ ነውRead more »
ከ3መቶ በላይ ወታደር ተማረከ!…. ሸዋ፣ ጋይንት፣ እስቴ፣ ጃዊ፣ላስታ! …. በ4ቱም ቀጠና ከባድ ትንቅንቅ!,Konjit Sitotaw,"February 10, 2026",
እጁን የሰጠው ወታደር ሀቁን አጋለጠ,Konjit Sitotaw,"February 10, 2026",
ከናሁሰናይ አንዳርጌ ጋር አዲስ አበባ ውስጥ ሽብር ለመፍጠር ተንቀሳቅሰዋል የተባሉ አስር ተከሳሾች ላይ ፍርድ ቤት ብያኔ ሰጠ,Konjit Sitotaw,"February 10, 2026",ከናሁሰናይ አንዳርጌ ጋር አዲስ አበባ ውስጥ ሽብር ለመፍጠር ተንቀሳቅሰዋል የተባሉ አስር ተከሳሾች እስከ ሞት ሊያስቀጣ በሚችል የሕግ አንቀፅ እንዲከላከሉ ፍርድ ቤት ዛሬ ብያኔ ሰጠ የፌደራል ከፍተኛ ፍርድ ቤት ልደታ ምድብ አንደኛ የሕገ-መንግሥት እና የፀረ-ሽብር ወንጀል ምድብ በዛሬው ዕለት በዋለው ችሎት …ከናሁሰናይ አንዳርጌ ጋር አዲስ አበባ ውስጥ ሽብር ለመፍጠር ተንቀሳቅሰዋል የተባሉ አስር ተከሳሾች ላይ ፍርድ ቤት ብያኔ ሰጠRead more »
በአራት መንግስታዊ ተቋማት ውስጥ የ13.1 ቢልዮን ብር የጥሬ ገንዘብ ጉድለት መገኘቱን የገንዘብ ሚኒስቴር ለጠ/ሚሩ ሪፖርት አደረገ,Konjit Sitotaw,"February 10, 2026",በአራት መንግስታዊ ተቋማት ውስጥ የ13.1 ቢልዮን ብር የጥሬ ገንዘብ ጉድለት መገኘቱን የገንዘብ ሚኒስቴር ለጠ/ሚሩ ሪፖርት አደረገ በ14 ተቋማት ውስጥ የ2.8 ቢልዮን ብር የንብረት ጉድለት ተገኝቷል፣ በወቅቱ ያልተወራረደ ከ177 ቢልዮን ብር በላይ ደግሞ በኦዲት መገኘቱ ታውቋል ተጨማሪ ያንብቡ: https://www.meseretmedia.org/p/131
ከትግራይ ክልል በተሽከርካሪዎች እየወጡ የሚገኙ ዜጎች አፋር ላይ በተዘረጉ ኬላዎች የገንዘብ ቅሚያ እየተፈፀመባቸው መሆኑ ተሰማ,Konjit Sitotaw,"February 10, 2026",ከትግራይ ክልል በተሽከርካሪዎች እየወጡ የሚገኙ ዜጎች አፋር ላይ በተዘረጉ ኬላዎች የገንዘብ ቅሚያ እየተፈፀመባቸው መሆኑ ተሰማ የአፍሪካ ህብረት ስብሰባ መዳረሱን ተከትሎ ደግሞ በመዲናዋ የተለያዩ አካባቢዎች የጅምላ አፈሳ እየተካሔደ መሆኑን ያሰባሰብናቸው መረጃዎች ያሳያሉ። ተጨማሪ ያንብቡ: https://www.meseretmedia.org/p/bf5
ኤርትራ የኢትዮጵያ የውጭ ጉዳይ ሚንስቴር ያቀረበውን ጥሪ አጣጣለች።,Konjit Sitotaw,"February 10, 2026",ኤርትራ፣ የኢትዮጵያ የውጭ ጉዳይ ሚንስቴር የኤርትራ ሠራዊት በሰሜን ምሥራቅ ኢትዮጵያ ገፍቶ ይዟቸዋል ካላቸው መሬቶች ለቆ እንዲወጣና የኤርትራ መንግሥትም ለድርድር እንዲዘጋጅ ያቀረበውን ጥሪ አጣጣለች። የኤርትራ ማስታወቂያ ሚንስቴር፣ የኢትዮጵያ መንግሥት ውንጀላ “ሐሰተኛ”፣ “የተፈበረከ” እና “በድምጸቱ”፣ “በይዘቱ” እና “ግቡ” አስገራሚ የሆነ ውንጀላ ነው …ኤርትራ የኢትዮጵያ የውጭ ጉዳይ ሚንስቴር ያቀረበውን ጥሪ አጣጣለች።Read more »
የቤንሻንጉል ጉሙዝ ክልል ለተወሠኑ የኅብረተሰብ ክፍሎች ብቻ የክልሉን የባለቤትነት መብት ሠጥቷል,Konjit Sitotaw,"February 10, 2026",ኢሰመጉ፣ የቤንሻንጉል ጉሙዝ ክልል ሕገመንግስት የሚሻሻልበት ሁኔታ እንዲመቻች ጠየቀ። የክልሉ ሕገመንግሥት ለተወሠኑ የኅብረተሰብ ክፍሎች ብቻ የክልሉን የባለቤትነት መብት ሠጥቷል ያለው ኢሰመጉ፣ ይህ የሕገመንግሥቱ አንቀጽ በክልሉ የሚታዩትን ግጭቶች እና የመፈናቀል ችግሮች አባብሷል ሲል በአገር ዓቀፍ ደረጃ የተፈናቃዮችን ሁኔታ አስመልክቶ ዛሬ ባወጣው …የቤንሻንጉል ጉሙዝ ክልል ለተወሠኑ የኅብረተሰብ ክፍሎች ብቻ የክልሉን የባለቤትነት መብት ሠጥቷልRead more »
ከሽብር ክስ በነፃ የተሰናበቱት አዲስ የፍትሐ ብሔር ክስ ቀረበባቸው,Konjit Sitotaw,"February 10, 2026",የቤኒሻንጉል ጉምዝ ክልል ምክር ቤት አባሉ እና በቅርቡ ከገዥው ብልጽግና ፓርቲ ጋር የተዋሃደው የቀድሞው ተቃዋሚ የቦሮ ዴሞክራሲያዊ ፓርቲ አመራር የነበሩት ዮሐንስ ተሠማ፣ አዲስ የፍትሐ ብሔር ክስ ቀረበባቸው፡፡ የአሶሳ ከተማ አስተዳደር ፍትሕ መምሪያ በዮሃንስ ላይ አዲስ የመሠረተባቸው ክስ፣ ባለፈው ዓመት በ5 …ከሽብር ክስ በነፃ የተሰናበቱት አዲስ የፍትሐ ብሔር ክስ ቀረበባቸውRead more »
ጀኔራል ታደሠ ወረደ እና በዙሪያቸው ያሉ የሕወሃት አክራሪዎች እስካሉ ድረስ ትግራይ ከቀውስ አትወጣም ( ጌታቸው ረዳ),Konjit Sitotaw,"February 10, 2026",የቀድሞው የትግራይ ጊዜያዊ አስተዳደር ፕሬዝዳንት ጌታቸው ረዳ፣ የትግራይ ጊዜያዊ አስተዳደር ፕሬዝዳንት ጀኔራል ታደሠ ወረደ እና በዙሪያቸው ያሉ የሕወሃት አክራሪዎች እስካሉ ድረስ ትግራይ ከቀውስ አትወጣም በማለት አስጠነቀቁ። ጌታቸው ፎርቹን ጋዜጣ ላይ ባወጡት ሃተታ፣ ጀኔራል ታደሠ የጊዜያዊ አስተዳደሩ ምክትል ፕሬዝዳንት በነበሩበት ወቅት …ጀኔራል ታደሠ ወረደ እና በዙሪያቸው ያሉ የሕወሃት አክራሪዎች እስካሉ ድረስ ትግራይ ከቀውስ አትወጣም ( ጌታቸው ረዳ)Read more »
ከአማራ ፋኖ ብሔራዊ ንቅናቄ የተላለፈ ወቅታዊ መልዕክት,Konjit Sitotaw,"February 10, 2026",ከአማራ ፋኖ ብሔራዊ ንቅናቄ የተላለፈ ወቅታዊ መልዕክት አገዛዙ የአማራ ህዝብን አፍኖ ለመጨፍጨፍ የጀመረውን ማጥቃት በጽኑ ብሔራዊ አንድነት እንመክተዋለን ! የካቲት 03 ቀን 2018 ዓ.ም የአብይ አህመደ አገዛዝ በአማራ ህዝብ ላይ ይፋዊ የዘር ማጥፋት ጦርነት ከጀመረ ሶስት ዓመታትን ሊደፍን ተቃርቧል። በእነኝህ …ከአማራ ፋኖ ብሔራዊ ንቅናቄ የተላለፈ ወቅታዊ መልዕክትRead more »
ኢትዮጵያ ለኤርትራ የጻፈችው ደብዳቤ በሰላምና ደኅንነት ባለሙያ ዕይታ,Konjit Sitotaw,"February 10, 2026",ኢትዮጵያ ቅዳሜ ዕለት ለኤርትራ የጻፈችው ደብዳቤ በሰላምና ደኅንነት ባለሙያ ዕይታ ( DW ) የኢትዮጵያ ውጭ ጉዳይ ሚኒስትር ያቀረቡትን ክስ የኤርትራ ማስታወቂያ ሚኒስቴር “ሐሰት እና የተቀነባበረ” በማለት አጣጥሏል። ዶክተር ጌዲዮን የኤርትራ ወታደሮች የኢትዮጵያን ድንበር ዘልቀው እንደገቡ እና ለታጣቂ ቡድኖች ድጋፍ እንደሚያደርጉ …ኢትዮጵያ ለኤርትራ የጻፈችው ደብዳቤ በሰላምና ደኅንነት ባለሙያ ዕይታRead more »
ዘመቻ “ትግራይ-ኦፕሬሽን” አዲስ የወጣ መረጃ! …. ትልቁ ከተማ ተለቀቀ …….  ሽሬ! ሸዋሮቢት! ደብረታቦር! አፋር! መኮይ!,Konjit Sitotaw,"February 9, 2026",
ተመድ ኢትዮጵያ ውስጥ በሕጻናት ላይ የሚፈጸሙ ጥሠቶች በከፍተኛ ደረጃ መጨመራቸው “አስደንጋጭ” እንደኾነበት ገለጠ።,Konjit Sitotaw,"February 9, 2026",የተመድ የሕጻናት መብት ተከታታይ ኮሚቴ፣ ኢትዮጵያ ውስጥ ግድያዎችን፣ የጾታ ጥቃቶችን፣ እገታዎችንና የሰብዓዊ እርዳታ ተደራሽነት አለመኖርን ጨምሮ በሕጻናት ላይ የሚፈጸሙ ጥሠቶች በከፍተኛ ደረጃ መጨመራቸው “አስደንጋጭ” እንደኾነበት ገለጠ። ኮሚቴው፣ ኢትዮጵያ በሕጻናት ላይ የሚፈጸሙ ጥሠቶችን እንድታስቆም፣ እንድትከላከልና ለሕጻናት ሰብዓዊ እርዳታ እንዲደርስ እንድታደርግ የኢትዮጵያን …ተመድ ኢትዮጵያ ውስጥ በሕጻናት ላይ የሚፈጸሙ ጥሠቶች በከፍተኛ ደረጃ መጨመራቸው “አስደንጋጭ” እንደኾነበት ገለጠ።Read more »
ሸዋ ከባዱ ምሽግ ተሰበረ ……. የኮማንዶ ኃይሉ የረገፈበት ከባዱ ውጊያ …….. ሸዋሮቢት፣ ስማዳ፣ ደጋ ዳሞት!,Konjit Sitotaw,"February 9, 2026",
ከባዱ ከበባ ተሰበረ …. ኮማንዶ ለኮማንዶ ከባድ ትንቅንቅ …. ሸዋ ቡልጋ፣ ይፋት፣ ጭልጋ፣ ጅጋ!,Konjit Sitotaw,"February 9, 2026",
ፋኖ 8 ከተሞችን ተቆጣጠረ!ኮማንድ ፖስት አወጀ!ከባድ መሣሪያዎች ወደ ሰሜን ኢትዮጵያ ተንቀሳቀሱ!አሁን የደረሱ አዳዲስ የግንባር መረጃዎችና ዘገባዎች,Konjit Sitotaw,"February 9, 2026",
የፋኖ ድል በሸዋ ጦርነት ……. ፋኖ የተቆጣጠራቸው ከተሞች,Konjit Sitotaw,"February 9, 2026",
የአብይ የጦርነት አዋጅ ወደ ኤርትራ …. የንፁሃን ጭፍጨፋ በሸዋ እና ወሎ,Konjit Sitotaw,"February 9, 2026",
የጎንደሩ ድል! ምሽጉ ተሰብሯል! ….. የአፋብን ጥሪ ለዓለም አቀፍ ተቋማት,Konjit Sitotaw,"February 9, 2026",
አገዛዙ የግንኙነት መስመሮችን ዘግቶ ሲቪሊያንን በመጨፍጨፍ ላይ ይገኛል  (ከአፋብን የተሰጠ መግለጫ),Konjit Sitotaw,"February 8, 2026",አገዛዙ የግንኙነት መስመሮችን ዘግቶ ሲቪሊያንን በመጨፍጨፍ ላይ ይገኛል የካቲት 01 ቀን 2018 ዓ.ም ከአፋብን የተሰጠ መግለጫ ትላልቅ ከተሞችን የሚያገናኙ አውራ መንገዶችን በመዝጋት በህዝቡ ላይ ማህበራዊ እና ኢኮኖሚያዊ ምስቅልቅል ሲያደርስ የቆየው የብልፅግና አገዛዝ በከባድ መሳሪያወች ሲቪሊያንን በመጨፍጨፍ ላይ ይገኛል። ከጥር 26 …አገዛዙ የግንኙነት መስመሮችን ዘግቶ ሲቪሊያንን በመጨፍጨፍ ላይ ይገኛል  (ከአፋብን የተሰጠ መግለጫ)Read more »
የአማራ ፋኖ ብሔራዊ ንቅናቄ የድርጅቱን መመስረት በተመለከተ እና ስለ አማራ የህልውና ትግል ወቅታዊ ሁኔታወች ለዓለም አቀፍ ሚዲያወች ማብራሪያ ሰጠ።,Konjit Sitotaw,"February 8, 2026",የአማራ ፋኖ ብሔራዊ ንቅናቄ የድርጅቱን መመስረት በተመለከተ እና ስለ አማራ የህልውና ትግል ወቅታዊ ሁኔታወች ለዓለም አቀፍ ሚዲያወች ማብራሪያ ሰጠ። የድርጅቱ የህዝብ ግንኙነት መምሪያ ባዘጋጀው የሚዲያ ብሪፊንግ መድረክ የአማራ የህልውና ትግል ጠቅላላ ሁኔታ፣ የአማራ ፋኖ ብሔራዊ ንቅናቄ ምስረታ፣ የጦርነቱ አጀማመር፣ ትግሉ …የአማራ ፋኖ ብሔራዊ ንቅናቄ የድርጅቱን መመስረት በተመለከተ እና ስለ አማራ የህልውና ትግል ወቅታዊ ሁኔታወች ለዓለም አቀፍ ሚዲያወች ማብራሪያ ሰጠ።Read more »
23 ሄሊኮፍተር ሙሉ ቁስለኛ ተጫነ ….በተዋጊ ጄት የታገዘው የሸዋው ውጊያ ….የፋኖ ኮማንዶ ሰንጥቆት ገባ!,Konjit Sitotaw,"February 8, 2026",
የቪዲዮ ስርጭት ከጦር ግንባር ….ፋኖ መኃል ገበያውን ሲቆጣጠር የተቀረፀ ….ሕዝቡ በደስታ ተሞልቷል,Konjit Sitotaw,"February 8, 2026",
በአማራ የተቀሰቅሰው ከባድ ውጊያ,Konjit Sitotaw,"February 8, 2026",
ሕዝቡ ቀጠናውን ለቆ እንዲወጣ ታዘዘ!ውጥረቱ አይሏል!የሌሊቱን የሰው አልባ አውሮፕላኖች ስምሪት በሸዋ ቀጠና!ወልቃይት! ማይጨው! ይፋት! ጠለምት! መሆኒ!,Konjit Sitotaw,"February 8, 2026",
የአገዛዙ ጦር የንብረት ዘረፋና የአዛዡ ሞት …. ዐቢይና በላይነህ ክንዴ ምን ገጠማቸው?,Konjit Sitotaw,"February 8, 2026",
የድንበሩ ውጊያና የፋኖ ድል! የብልጽግና ጦር ተደመሰሰ!,Konjit Sitotaw,"February 8, 2026",
የነነዌ ጾም ዕንድምታና የኢትዮጵያ ፖለቲከኞች,Meheret Setegn,"February 8, 2026",የነነዌ ጾም ዕንድምታና የኢትዮጵያ ፖለቲከኞች በቀሲስ አስተርአየ ጽጌ “በመሸ ጊዜ ሰማይ ቀልቷልና ብራ ይሆናል ትላላችሁ፡፡ ማለዳም ሰማይ ደምኖ ከብዷልና ይዘንባል ትላላችሁ የሰማዩን ፊትማ መለየት ትችላላችሁ፡፡ የዘመኑን ምልክት መለየት አትችሉም፡፡ ክፉና አመንዝራ ትውልድ ምልክት ይሻል፡፡ ከነቢዩ ከዮናስ በቀር ምልክት አይሰጠውም”(ማቴ 16፡3-4)፡፡ …የነነዌ ጾም ዕንድምታና የኢትዮጵያ ፖለቲከኞችRead more »
የሶስት አቅጣጫ ዲፕሎማሲው በቀይ ባህር ላይ እየተንሰራፋ ያለውን ውስብስብ እና ተለዋዋጭ ጥምረት አጉልቶ ያሳያል።,Konjit Sitotaw,"February 7, 2026",የሶስት አቅጣጫ ዲፕሎማሲው በቀይ ባህር ላይ እየተንሰራፋ ያለውን ውስብስብ እና ተለዋዋጭ ጥምረት አጉልቶ ያሳያል. የተባበሩት አረብ ኤምሬትስ ከኢትዮጵያ ጋር ያላትን ግንኙነት እያጠናከረች ስትሄድ ግብፅ እና ሳውዲ አረቢያ በኤርትራ ላይ  አተኩረዋል። ግብፅ ሪያድን እና አስመራን ለማቀራረብ በሱዳን-ፓኪስታን የመከላከያ ስምምነት  ………..  https://miniliksalsawi.substack.com/p/the-three-way-diplomacy-underscores
ለተከታታይ አራት ቀናት በተደረገ ውጊያ 171 የአገዛዙ ወታደሮች ሙትና ቁስለኛ ተደረጉ!,Konjit Sitotaw,"February 7, 2026",ለተከታታይ አራት ቀናት በተደረገ ውጊያ 171 የአገዛዙ ወታደሮች ሙትና ቁስለኛ ተደረጉ! በቋራ ግንባር አባድግሱ ተብሎ የሚጠራው አከባቢን ጨምሮ ጋዝጌ እና ባርባስ እንዲሁም በአዳኝ አገር ጫቆ ደግሞ ነጋዴ ባህር ከተማ አከባቢ ነው ባለፉት አራት ተከታታይ ቀናት ከባድ ውጊያ የተደረገው። በአማራ ፋኖ …ለተከታታይ አራት ቀናት በተደረገ ውጊያ 171 የአገዛዙ ወታደሮች ሙትና ቁስለኛ ተደረጉ!Read more »
አነጋጋሪው አዲስ የቀይ ባህር ስብስብ,Konjit Sitotaw,"February 7, 2026","A new Red Sea axis: Israel, India, UAE, Ethiopia converge in Somaliland Israel’s recognition of Somaliland has realigned the Horn of Africa, linking India, Israel, the UAE, and Ethiopia to secure Red Sea routes and counter rivals. READ MORE  https://miniliksalsawi.substack.com/p/a-new-red-sea-axis-israel-india-uae"
ሰራዊቱ እርስ በእርሱ ተጫረሰ ….. ፋኖና ተዋጊ ሄሊኮፍተሩ ከባድ ትንቅንቅ ….. ቋራ፣ ዋግኽምራ፣ ወግዲ፣ ሸዋ!,Konjit Sitotaw,"February 7, 2026",
እጁን የሰጠው ወታደር ጉዱን ዘረገፈው,Konjit Sitotaw,"February 7, 2026",
ከፍተኛ ወታደራዊ አዛዦች ተገደሉ … በ3 ሄሊኮፍተር የተጋዙት ቁስለኛ ወታደሮች!…. ኮምቦልቻ፣ ደሴ፣ ጊራና!,Konjit Sitotaw,"February 7, 2026",
በፋኖ የተከበበው የጠላት ጦር አለቀ! … ወልድያ፣ ወግዲ ጫቃታ፣ ጭልጋ!,Konjit Sitotaw,"February 7, 2026",
ሁለት የከፍተኛ ፍርድ ቤት ዳኞች ለውጭ ጉዞ ከባንክ ያገኙትን 3 ሺህ ዶላር በጥቁር ገበያ ወደ ብር ለመዘርዘር ሲሞክሩ መዘረፋቸው ታወቀ,Konjit Sitotaw,"February 7, 2026",ሁለት የከፍተኛ ፍርድ ቤት ዳኞች ለውጭ ጉዞ ከባንክ ያገኙትን 3 ሺህ ዶላር በጥቁር ገበያ ወደ ብር ለመዘርዘር ሲሞክሩ መዘረፋቸው ታወቀ “አንደኛው ዳኛ የውጭ ምንዛሬ ወንጀልን በተመለከተ በቀጥታ የሚዳኙ ዳኛ ሲሆኑ ብዙዎች ሰዎች ይህን ወንጀል ፈፅመዋል በሚል ከባድ የእስር ቅጣት ሲቀጡ …ሁለት የከፍተኛ ፍርድ ቤት ዳኞች ለውጭ ጉዞ ከባንክ ያገኙትን 3 ሺህ ዶላር በጥቁር ገበያ ወደ ብር ለመዘርዘር ሲሞክሩ መዘረፋቸው ታወቀRead more »
እነ ኮሎኔል ደመቀ ስብሰባ በተኑ! ህወሓት ኃይል አንቀሳቀሰ! …. ስድስት ዙር አየር ወለድ ኮማንዶ ተራገፈ! … ሽራሮ! ተከዜ! ቋራ! ላስታ! አጣዬ! ራያ!,Konjit Sitotaw,"February 7, 2026",
ተዋጊ ሔሊኮፕተሮች በወሎና ሸዋ ስምሪት! ኮማንዶ ተራገፈ! ለመልሶ ማጥቃት መመሪያ ተሰጠ!,Konjit Sitotaw,"February 7, 2026",
በአማራ ልዩ ዘመቻና የስልክ መቋረጥ ……  የፋኖ ኃይሎችና ብልፅግና,Konjit Sitotaw,"February 6, 2026",
”ፓርላማውን እለቃለሁ”(ዶ/ር ደሳለኝ) …. የፋኖ ተጋድሎ! …..ተመተው ሆስፒታል የገቡት ጀነራል!,Konjit Sitotaw,"February 6, 2026",
ሂውማን ራይትስ ዎች፣ ኢትዮጵያ ውስጥ ቀደም ሲል ለተፈጸሙ እና ባሁኑ ወቅት እየተፈጸሙ ለሚገኙ ጥሠቶች ተጠያቂነትን ማስፈን ፈተና ሆኖ መቀጠሉን ገለጠ።,Konjit Sitotaw,"February 6, 2026",ሂውማን ራይትስ ዎች፣ ኢትዮጵያ ውስጥ ቀደም ሲል ለተፈጸሙ እና ባሁኑ ወቅት እየተፈጸሙ ለሚገኙ ጥሠቶች ተጠያቂነትን ማስፈን ፈተና ሆኖ መቀጠሉን ገለጠ። ድርጅቱ የአውሮፓዊያኑን 2025 የዓለም ሰብዓዊ መብቶች ሁኔታ አስመልክቶ ትናንት ባወጣው ሪፖርት፣ በኢትዮጵያ ለጥሠቶች ተጠያቂነት እንዲሠፍን ዓለማቀፍና አገር ዓቀፍ ቁርጠኝነት እንደሚያስፈልግ …ሂውማን ራይትስ ዎች፣ ኢትዮጵያ ውስጥ ቀደም ሲል ለተፈጸሙ እና ባሁኑ ወቅት እየተፈጸሙ ለሚገኙ ጥሠቶች ተጠያቂነትን ማስፈን ፈተና ሆኖ መቀጠሉን ገለጠ።Read more »
የወሎው ጠንካራ ውጊያ ፤ አመራሮች ተገድለዋል…..  ተመድ ኢትዮጵያን አስጠነቀቀ,Konjit Sitotaw,"February 6, 2026",
የአብይ እና ኢሳያስ ምክክር ምን ነበር? … የአፋብን አቋም እና ወቅታዊ ጉዳዮች,Konjit Sitotaw,"February 6, 2026",
በ7ኛው ዙር ምርጫ ተሳትፎየን አስመልክቶ የተሰጠ መግለጫ (ደሳለኝ ጫኔ ዳኜው የሕዝብ ተወካዮች ምክር ቤት አባል ),Konjit Sitotaw,"February 6, 2026",በ7ኛው ዙር ምርጫ ተሳትፎየን አስመልክቶ የተሰጠ መግለጫ ለተከበራችሁ የባሕር ዳር ከተማ ነዋሪዎች፣ ለመላው የአማራ ሕዝብ እና ለኢትዮጵያውያን ወገኖቼ በሙሉ፦ ባለፉት ዓመታት በሕዝብ ተወካዮች ምክር ቤት ውስጥ በኩሩው የባሕር ዳር ከተማ ሕዝብ ተመርጨ፣ እናንተን ወክዬ፣ ለሕዝባችን ሀቀኛ ድምፅ በመሆን ለማገልገል በመቻሌ …በ7ኛው ዙር ምርጫ ተሳትፎየን አስመልክቶ የተሰጠ መግለጫ (ደሳለኝ ጫኔ ዳኜው የሕዝብ ተወካዮች ምክር ቤት አባል )Read more »
ፀበኛ ጀኔራሎች በአንድ ግንባር ፤  ያልታየው አስደናቂ ቪዲዮ,Konjit Sitotaw,"February 6, 2026",
ቢሊየነሮቹ አማካሪዎች …. የዳንኤሎች እና የዝናሾች መጨረሻ,Konjit Sitotaw,"February 6, 2026",
በእነ ዶ/ር ወንድ ወሰን አሰፋ መዝገብ ከተከሳሾች መካከል 6 ሰዎች ከ3 ዓመት ገደማ የግፍ እስር ቆይታ በኋላ በነጻ ሲሰናበቱ ለሁለት ሰዎች ብቻ የአንቀጽ መሻሻል ተደርጎላቸዋል ።,Konjit Sitotaw,"February 6, 2026",በእነ ዶ/ር ወንድ ወሰን አሰፋ መዝገብ ከተከሳሾች መካከል 6 ሰዎች ከ3 ዓመት ገደማ የግፍ እስር ቆይታ በኋላ በነጻ ሲሰናበቱ ለሁለት ሰዎች ብቻ የአንቀጽ መሻሻል ተደርጎላቸዋል ። በእነ ዶ/ር ወንድ ወሰን አሰፋ መዝገብ በሽብር ወንጀል ተከሰው ጉዳያቸውን በፌደራል ማ/ቤት ሆነው እየተከታተሉ …በእነ ዶ/ር ወንድ ወሰን አሰፋ መዝገብ ከተከሳሾች መካከል 6 ሰዎች ከ3 ዓመት ገደማ የግፍ እስር ቆይታ በኋላ በነጻ ሲሰናበቱ ለሁለት ሰዎች ብቻ የአንቀጽ መሻሻል ተደርጎላቸዋል ።Read more »
ዐብይ አህመድ በፓርላማ ላደረገው ንግግር፡ አቶ ገዱ የሚከተለውን ምላሽ ሰጥተዋል።,Konjit Sitotaw,"February 6, 2026",
በስቦ መምታት የውጊያ ታክቲክ የጠላት ብልፅግና ወታደርን ወሽመጥ በመቁረጥ ውጤታማ ድል ተመዘገበ!,Konjit Sitotaw,"February 6, 2026",በስቦ መምታት የውጊያ ታክቲክ የጠላት ብልፅግና ወታደርን ወሽመጥ በመቁረጥ ውጤታማ ድል ተመዘገበ! በአማራ ፋኖ ብሔራዊ ንቅናቄ  ምስራቅ አማራ ቀጠና ምኒልክ ዕዝ ምስራቅ  አማራ ኮር 1   ባለሽርጡ ክፍለጦር ላይ ጥቅታ ለማድረስ ከጉቢሳ  ወደ ኮለቦ፣ ከጭሰ አባሊማ ወደ ሲልኮ፣ከጊራና ወደ ጉባ ፣ከመርሳ …በስቦ መምታት የውጊያ ታክቲክ የጠላት ብልፅግና ወታደርን ወሽመጥ በመቁረጥ ውጤታማ ድል ተመዘገበ!Read more »
በቅርቡ ለመንግስት እጃቸውን የሰጡት ኮ/ል ፈንታው ሙሀቤ በዛሬው ዕለት በሽብር ወንጀል የጥፋተኝነት ውሳኔ ተላለፈባቸው,Konjit Sitotaw,"February 6, 2026",በቅርቡ ለመንግስት እጃቸውን የሰጡት ኮ/ል ፈንታው ሙሀቤ በዛሬው ዕለት በሽብር ወንጀል የጥፋተኝነት ውሳኔ ተላለፈባቸው – የፌደራሉ ከፍተኛ ፍርድ ቤት ለግለሰቡ በጋዜጣ ጥሪ ቢያደርግላቸውም ሊገኙ ባለመቻላቸው የቀረበባቸውን ክስ መከላከል አልቻሉም በሚል በዛሬው ዕለት ከአስራ አምስት ዓመት እስከ ሞት በሚደርስ ሊያስቀጣ በሚችል …በቅርቡ ለመንግስት እጃቸውን የሰጡት ኮ/ል ፈንታው ሙሀቤ በዛሬው ዕለት በሽብር ወንጀል የጥፋተኝነት ውሳኔ ተላለፈባቸውRead more »
ቀጥታ ሥርጭት | የአማራ ፋኖ ብሔራዊ ንቅናቄ,Konjit Sitotaw,"February 6, 2026",
የብሉ ናይል ግንባር የተጀመረ ሲሆን የአብይ ሚና በሱዳን ጦርነት ውስጥ እየታየ ነው,Konjit Sitotaw,"February 5, 2026",የብሉ ናይል ግንባር እየተጀመረ ሲሆን የአብይ ሚና በሱዳን ጦርነት ውስጥ እየታየ ነው። ይህ ቀጠናውን ለቀጣዮቹ ዓመታት እንዳይረጋጋ የሚያደርግ እጅግ በጣም ትልቅ ስትራቴጂካዊ ስህተት ሊሆን ነው። ዝርዝሩን እነሆ …. https://miniliksalsawi.substack.com/p/the-blue-nile-front-is-starting-and
የሬጅመንት አዛዡ ተገደለ …… በፋኖ የተከበበው የጠላት ጦር አለቀ!#ወልድያ፣ ወግዲ ጫቃታ፣ ጭልጋ!,Konjit Sitotaw,"February 5, 2026",
ልዩ ኦፕሬሽን በሁለት ግንባሮች! …. ወልዲያ! አጣዬ! ሞጣ! ቢሶበር! ጨውዲባ,Konjit Sitotaw,"February 5, 2026",
የፋኖ መሪዎች ጠንካራ መልዕክት …… ፋኖ ስለ ወልቃይትና ራያ አቋሙን አሳወቀ,Konjit Sitotaw,"February 5, 2026",
ሀኪሞችን በግፍ መግደል ቀጥሏል… በአንድ አመት ውስጥ ሁለተኛው ሀኪም ተገድሏል።,Konjit Sitotaw,"February 5, 2026",ሀኪሞችን በግፍ መግደል ቀጥሏል። ባህር ዳር ከዶክተር አንዷለም ቀጥሎ በአንድ አመት ውስጥ ሁለተኛው ሀኪም ዶ/ር ጸጋሁን ስሜ ተገድሏል። ባለፉት ሦስት ዓመታት በርካታ ሀኪሞች ታስረዋል፣ ተንገላተዋል፣ የደህንነት ዋስትና ስላጡ ባህር ዳርን እና አማራ ክልልን ለቀው ወደሌላ አካባቢዎች በተለይም ወደ አዲስ አበባ …ሀኪሞችን በግፍ መግደል ቀጥሏል… በአንድ አመት ውስጥ ሁለተኛው ሀኪም ተገድሏል።Read more »
የአማራ ፋኖ ብሔራዊ ንቅናቄ ሊቀመንበር አርበኛ ዘመነ ካሴ በተሳተፉበት ውይይት ለዓመታት በታጣቂወች ታግተው የነበሩ ሴቶችን ማስለቀቅ ተችሏል።,Konjit Sitotaw,"February 5, 2026",የአማራ ፋኖ ብሔራዊ ንቅናቄ ሊቀመንበር አርበኛ ዘመነ ካሴ በተሳተፉበት ውይይት ለዓመታት በታጣቂወች ታግተው የነበሩ ሴቶችን ማስለቀቅ ተችሏል። በመተከል ቀጠና በለተያዬ ጊዜ በነበሩ አገዛዙ በፈጠራቸው ግጭቶች ምክንያት በርካታ አማራወች ሲፈናቀሉ፣ ሲጨፈጨፉ እና ሲታገቱ የቆዩ መሆኑ ይታወቃል። ሊቀመንበሩ በቀጠናው ካሉ ታጣቂወች ጋር …የአማራ ፋኖ ብሔራዊ ንቅናቄ ሊቀመንበር አርበኛ ዘመነ ካሴ በተሳተፉበት ውይይት ለዓመታት በታጣቂወች ታግተው የነበሩ ሴቶችን ማስለቀቅ ተችሏል።Read more »
መንግስትና በሕውሃት ኃይሎች መካከል በተደጋጋሚ የሚያገረሸው ግጭት እና የውጭ ኃይሎች ፍላጎት በኢትዮጵያ ላይ የሚደቅኑት ስጋት,Konjit Sitotaw,"February 5, 2026",መንግስትና በሕውሃት ኃይሎች መካከል በተደጋጋሚ የሚያገረሸው ግጭት እና የውጭ ኃይሎች ፍላጎት በኢትዮጵያ ላይ የሚደቅኑት ስጋት “እነዚህ የውጭ ሀይሎች የሚፈልጓቸው የራሳቸው ጥቅሞች ብዙውን ጊዜ ከዘላቂ ሰላም ይልቅ ስትራቴጂካዊ የበላይነትን የሚያስቀድሙ በመሆናቸው የጦር መሣሪያ ፍሰቱና የዲፕሎማሲያዊ ሽኩቻው አለመረጋጋቱ እንዲቀጥል ያደርገዋል” በኢብራሒም ሃሞ …መንግስትና በሕውሃት ኃይሎች መካከል በተደጋጋሚ የሚያገረሸው ግጭት እና የውጭ ኃይሎች ፍላጎት በኢትዮጵያ ላይ የሚደቅኑት ስጋትRead more »
ወደ ትግራይ የሚደረግ የአውሮፕላን ጉዞ ሲቋረጥ በአውቶቡስ ወደ አዲስ አበባ የገቡ በርካታ የትግራይ ተወላጅ ወጣቶች መታሰራቸው ተሰማ,Konjit Sitotaw,"February 5, 2026",ወደ ትግራይ የሚደረግ የአውሮፕላን ጉዞ ሲቋረጥ በአውቶቡስ ወደ አዲስ አበባ የገቡ በርካታ የትግራይ ተወላጅ ወጣቶች መታሰራቸው ተሰማ ቤተሰብ ጥየቃ እና ለገና በዓል ወደ ትግራይ ተጉዘው የነበሩ በርካታ ወጣቶች በዚህ ሳምንት ወደ አዲስ አበባ በችኮላ ሲመለሱ ለእስር እየተዳረጉ እንደሚገኙ ታውቋል ተጨማሪ …ወደ ትግራይ የሚደረግ የአውሮፕላን ጉዞ ሲቋረጥ በአውቶቡስ ወደ አዲስ አበባ የገቡ በርካታ የትግራይ ተወላጅ ወጣቶች መታሰራቸው ተሰማRead more »
ሁቲዎች በየመን የኢትዮጵያውያን የኦርቶዶክስ እና የወንጌላውያን ቤተ ክርስቲያናትን መዝጋታቸውን ምዕመናን ተናገሩ,BBC Amhric,"February 5, 2026","የፎቶው ባለመብት, Abreham የምስሉ መግለጫ, በሰነዓ የቅዱስ ጊዮርጊስ ቤተክርስቲያን ዘማሪያን በየመን ሰነዓ በርካታ የኢትዮጵያ ኦርቶዶክስ እና ወንጌላውያን አማኞች ከሃያ ዓመታት በላይ ሲገለገሉባቸው የቆዩ ቤተ እምነቶችን በሁቲ ባለሥልጣናት ከታሸጉ አንድ ወር እንደሞላቸው የእምነቱ ተከታዮች ለቢቢሲ ተናገሩ። በየመን ሰነዓ በሚገኘው የቅዱስ …ሁቲዎች በየመን የኢትዮጵያውያን የኦርቶዶክስ እና የወንጌላውያን ቤተ ክርስቲያናትን መዝጋታቸውን ምዕመናን ተናገሩRead more »"
የጋሞ ዞን በትምህርት ሚኒስቴር የተዘጋጁ የታሪክ መጽሐፍት “የውሸት ታሪኮችን” አካትተዋል ሲል ከሰሰ,BBC Amhric,"February 5, 2026","የፎቶው ባለመብት, Gamo Zone Communication በደቡብ ኢትዮጵያ ክልል ስር ሚገኘው ጋሞ ዞን “በትምህርት ሚኒስቴር የተዘጋጁ” የ9ኛ እና 11ኛ ክፍል የታሪክ መጽሐፍት “የጋሞ ብሔር አንድነት ላይ አደጋ የሚጥሉ የውሸት ታሪኮችን” ይዘዋል ሲል ከሰሰ። የዞኑ ትምህርት ቢሮ “የግል የፖለቲካ ፍላጎታቸውን በመጽሐፍ …የጋሞ ዞን በትምህርት ሚኒስቴር የተዘጋጁ የታሪክ መጽሐፍት “የውሸት ታሪኮችን” አካትተዋል ሲል ከሰሰRead more »"
ኤርትራ፤ የጠቅላይ ሚኒስትር ዐቢይ ንግግር “የጦርነት አጀንዳን ምክንያታዊ ለማድረግ” የቀረበ ነው አለች,BBC Amhric,"February 5, 2026",የኤርትራ ማስታወቂያ ሚኒስትር የማነ ገብረመስቀል፤ ጠቅላይ ሚኒስትር ዐቢይ አሕመድ በሕዝብ ተወካዮች ምክር ቤት ስለ ኤርትራ መንግሥት ያደረጉት ንግግር፤ የኢትዮጵያ መንግሥት “በኤርትራ ላይ ሊከፍት ያቀደውን የጦርነት አጀንዳ ምክንያታዊ ለማድረግ” የቀረበ ነው ሲሉ ተቹ። የኤርትራ መንግሥት ቃል አቀባዩ ማክሰኞ ጥር 26/2018 ዓ.ም. …ኤርትራ፤ የጠቅላይ ሚኒስትር ዐቢይ ንግግር “የጦርነት አጀንዳን ምክንያታዊ ለማድረግ” የቀረበ ነው አለችRead more »
‘በጥቁር ገበያ ነጋዴዎች’ እጅ የወደቀው የትግራይ ክልል የነዳጅ አቅርቦት,BBC Amhric,"February 5, 2026",በትግራይ ክልል መዲና መቀለ ነዳጅ የሚፈልግ ባለ አሽከርካሪ ዐይኖቹን የሚያማትረው በነዳጅ ማደያዎች ላይ አይደለም። ከዚያ ይልቅ ነዳጅ በጄሪካን እና በፕላስቲክ የውሃ ማሸጊያዎች የሚሸጡ ወጣቶች ጋር ነው የሚሄደው። እነዚህ ነጋዴዎች ናቸው ገበያውን የተቆጣጠሩት። ነዳጅ በጥቁር ገበያ ዋጋ የሚሸጡ ወጣቶች በከተማው የተለያዩ …‘በጥቁር ገበያ ነጋዴዎች’ እጅ የወደቀው የትግራይ ክልል የነዳጅ አቅርቦትRead more »
በኦሮሚያ ክልል ሰሜን ሸዋ ዞን ለወታደራዊ ዘመቻ ኢንተርኔት እና የሞባይል ኔትወርክ ተዘጋ,Konjit Sitotaw,"February 5, 2026",በኦሮሚያ ክልል ሰሜን ሸዋ ዞን የተለያዩ ወረዳዎች ከትላንት በስቲያ ሰኞ ጥር 25 አመሻሽ ጀምሮ በዞኑ ታጥቀው የሚንቀሳቀሱ ቡድኖችን ላይ የጸጥታ ዘመቻ ለማካሄድ በሚል ኔትዎርክ መቋረጡ ተሰምቷል። በዞኑ ኔትዎርክ ከተቋረጠባቸው ወረዳዎች መካከል ወረ ጃርሶ፣ ኩዩ፣ ደገም እና ሂደቡ አቦቴ እንደሚገኙበት ምንጮች …በኦሮሚያ ክልል ሰሜን ሸዋ ዞን ለወታደራዊ ዘመቻ ኢንተርኔት እና የሞባይል ኔትወርክ ተዘጋRead more »
"ጄ/ል ዘውዱ የመራው ጦር አለቀ ,….. 23 ዲሽቃ የተጠመደበት ከባድ ትንቅንቅ …… ወግዲ፣ከላላ፣ ጫንድባ፣ ጭልጋ!",Konjit Sitotaw,"February 5, 2026",
ከ40 በላይ ወታደር ተደምስሷል ….. በድሮንና በ2 መድፍ የታገዘ ከባድ ውጊያ …. ቁስለኛ ወታደሮች በደሴ ከተማ!,Konjit Sitotaw,"February 5, 2026",
የፋኖ ኮማንዶ በደራ ጉንዶመስቀል! …… የታገቱ የኦሮሞ ተወላጆች በፋኖ ነፃ ወጡ! ….. የጠላት ጦር ተመታ!,Konjit Sitotaw,"February 5, 2026",
ዋና አዛዡ ጦሩን ይዞ ፋኖን ተቀላቀለ … በባሕር ዳር ከባድ ጥቃት!…. ራያ ግንባር፣ ምንጃር ሸንኮራ፣ ላስታ!,Konjit Sitotaw,"February 5, 2026",
ከኢትዮጵያ የተነሱ ድሮኖች ወደ ጎረቤት አገር …. ባሕርዳር! መቅደላ! ብርሸለቆ!  ጋሸና! ጣቁሳ! ወግዲ,Konjit Sitotaw,"February 5, 2026",
አንደራደርም! ይቅርታ ግን እናደርጋለን,Konjit Sitotaw,"February 5, 2026",
ሁለቱ የትግራይ ኃይሎች አፍላ ውጊያ! በወሳኙ ግንባር!አዛዥ ተደምስሷል!ዋና መንገዱ ተዘግቷል!አርማጭሆ! ባሕርዳር! እብናት! ራያቆቦ! ቢሶበር!,Konjit Sitotaw,"February 5, 2026",
በባሕር ዳር የተገደለው ዶክተርና ጦሩ  …. የፋኖ ኃይሎችና የተመታው ጦር,Konjit Sitotaw,"February 5, 2026",
ዐብይ በወልቃይትና በቀይ ባህር ላይ/የፋኖ ኃይሎች ውጊያና የፓርላማው ጥያቄ,Konjit Sitotaw,"February 5, 2026",
ምሥራቅ አርሲ ውስጥ አኹንም በዝምታ ንጹሓን በማለቅ ላይ ናቸው!,Konjit Sitotaw,"February 5, 2026",ምሥራቅ አርሲ ውስጥ አኹንም በዝምታ ንጹሓን በማለቅ ላይ ናቸው! ቅዳሜ ጥር 24 ቀን 2018 ዓ.ም በምሥራቅ አርሲ ዞን ሆንቆሎ ወረዳ ሌሙ ለማን ቀበሌ፣ 13(አሥራ ሦስት) የጉራዮ እግዚአብሔር አብ ቤተክርስቲያን አጥቢያ ምዕመናን ታግተው ተወስደዋል። እስከአኹን አንድ ሰው የተለቀቀ ሲኾን አንዱ ታጋች …ምሥራቅ አርሲ ውስጥ አኹንም በዝምታ ንጹሓን በማለቅ ላይ ናቸው!Read more »
የብልጽግና ጦር ከወሎ ወደ ሸዋ እየሸሸ ነው ……. ከተሞች በፋኖ እጅ እየገቡ ነው!,Konjit Sitotaw,"February 5, 2026",
የባህርዳር ዙሪያው ትንቅንቅ | የኤርትራ መልስ ለአቢይ ….. ከጦርነቱ በኋላ ሜዳሊያ ሸልሞናል,Konjit Sitotaw,"February 5, 2026",
የዐቢይ አዳዲስ ውሸቶች!…. የባህርዳር ዙሪያው ውጊያ! ጀነራሉ ታስረው ተፈቱ!,Konjit Sitotaw,"February 5, 2026",
የጎንደሩና የጎጃሙ ትንቅንቅ ……. አዲስ አበባ የተራገፈው የጦር መሳሪያ,Konjit Sitotaw,"February 5, 2026",
የተገደሉ የመከላከያ መኮንኖች ቀብር፣ የጄኔራሉ ትዕዛዝ እና የባህርዳሩ አሳዛኝ ክስተት,Konjit Sitotaw,"February 5, 2026",
የጠቅላይ ሚኒስትሩ ውሸቶች,Konjit Sitotaw,"February 4, 2026",
